Id,y
45324,2.0
45325,3.0
45326,3.0
45327,3.0
45328,3.0
45329,1.0
45330,3.0
45331,1.0
45332,2.0
45333,1.0
45334,1.0
45335,4.0
45336,4.0
45337,3.0
45338,2.0
45339,2.0
45340,3.0
45341,3.0
45342,1.0
45343,3.0
45344,3.0
45345,3.0
45346,1.0
45347,3.0
45348,1.0
45349,3.0
45350,4.0
45351,1.0
45352,3.0
45353,2.0
45354,0.0
45355,0.0
45356,3.0
45357,4.0
45358,3.0
45359,2.0
45360,3.0
45361,1.0
45362,1.0
45363,1.0
45364,3.0
45365,1.0
45366,1.0
45367,3.0
45368,3.0
45369,3.0
45370,3.0
45371,1.0
45372,4.0
45373,1.0
45374,3.0
45375,1.0
45376,1.0
45377,1.0
45378,1.0
45379,1.0
45380,3.0
45381,3.0
45382,3.0
45383,1.0
45384,0.0
45385,3.0
45386,1.0
45387,3.0
45388,1.0
45389,3.0
45390,3.0
45391,0.0
45392,1.0
45393,3.0
45394,3.0
45395,1.0
45396,1.0
45397,3.0
45398,2.0
45399,1.0
45400,1.0
45401,1.0
45402,1.0
45403,1.0
45404,3.0
45405,1.0
45406,3.0
45407,2.0
45408,3.0
45409,3.0
45410,0.0
45411,4.0
45412,2.0
45413,2.0
45414,0.0
45415,3.0
45416,3.0
45417,3.0
45418,3.0
45419,3.0
45420,3.0
45421,1.0
45422,3.0
45423,1.0
45424,1.0
45425,0.0
45426,4.0
45427,3.0
45428,2.0
45429,1.0
45430,2.0
45431,2.0
45432,3.0
45433,3.0
45434,2.0
45435,3.0
45436,2.0
45437,2.0
45438,1.0
45439,2.0
45440,1.0
45441,0.0
45442,4.0
45443,1.0
45444,2.0
45445,4.0
45446,3.0
45447,3.0
45448,0.0
45449,1.0
45450,1.0
45451,1.0
45452,0.0
45453,2.0
45454,1.0
45455,2.0
45456,4.0
45457,3.0
45458,3.0
45459,2.0
45460,4.0
45461,2.0
45462,3.0
45463,4.0
45464,3.0
45465,0.0
45466,1.0
45467,3.0
45468,4.0
45469,0.0
45470,1.0
45471,1.0
45472,0.0
45473,3.0
45474,3.0
45475,3.0
45476,1.0
45477,3.0
45478,3.0
45479,1.0
45480,2.0
45481,0.0
45482,1.0
45483,3.0
45484,2.0
45485,2.0
45486,3.0
45487,3.0
45488,1.0
45489,1.0
45490,2.0
45491,0.0
45492,1.0
45493,2.0
45494,1.0
45495,1.0
45496,1.0
45497,3.0
45498,1.0
45499,1.0
45500,2.0
45501,1.0
45502,2.0
45503,0.0
45504,3.0
45505,0.0
45506,1.0
45507,3.0
45508,2.0
45509,2.0
45510,1.0
45511,2.0
45512,3.0
45513,1.0
45514,1.0
45515,3.0
45516,2.0
45517,2.0
45518,1.0
45519,0.0
45520,3.0
45521,3.0
45522,2.0
45523,3.0
45524,2.0
45525,1.0
45526,2.0
45527,1.0
45528,2.0
45529,0.0
45530,0.0
45531,2.0
45532,1.0
45533,3.0
45534,2.0
45535,3.0
45536,2.0
45537,3.0
45538,4.0
45539,4.0
45540,2.0
45541,3.0
45542,2.0
45543,0.0
45544,1.0
45545,1.0
45546,1.0
45547,1.0
45548,1.0
45549,4.0
45550,1.0
45551,0.0
45552,2.0
45553,1.0
45554,1.0
45555,1.0
45556,0.0
45557,4.0
45558,2.0
45559,1.0
45560,2.0
45561,1.0
45562,2.0
45563,1.0
45564,3.0
45565,3.0
45566,3.0
45567,3.0
45568,4.0
45569,2.0
45570,4.0
45571,3.0
45572,3.0
45573,3.0
45574,1.0
45575,3.0
45576,3.0
45577,1.0
45578,1.0
45579,2.0
45580,4.0
45581,2.0
45582,2.0
45583,2.0
45584,3.0
45585,2.0
45586,3.0
45587,3.0
45588,2.0
45589,3.0
45590,1.0
45591,4.0
45592,3.0
45593,3.0
45594,0.0
45595,1.0
45596,3.0
45597,3.0
45598,3.0
45599,2.0
45600,2.0
45601,1.0
45602,3.0
45603,4.0
45604,1.0
45605,2.0
45606,0.0
45607,1.0
45608,1.0
45609,3.0
45610,3.0
45611,4.0
45612,0.0
45613,0.0
45614,1.0
45615,3.0
45616,1.0
45617,2.0
45618,1.0
45619,1.0
45620,0.0
45621,1.0
45622,0.0
45623,3.0
45624,4.0
45625,1.0
45626,4.0
45627,3.0
45628,2.0
45629,3.0
45630,2.0
45631,3.0
45632,0.0
45633,3.0
45634,1.0
45635,4.0
45636,1.0
45637,1.0
45638,3.0
45639,1.0
45640,1.0
45641,1.0
45642,1.0
45643,2.0
45644,4.0
45645,1.0
45646,1.0
45647,4.0
45648,4.0
45649,3.0
45650,2.0
45651,4.0
45652,1.0
45653,2.0
45654,1.0
45655,3.0
45656,1.0
45657,1.0
45658,2.0
45659,1.0
45660,0.0
45661,1.0
45662,3.0
45663,1.0
45664,1.0
45665,1.0
45666,3.0
45667,1.0
45668,0.0
45669,1.0
45670,1.0
45671,2.0
45672,3.0
45673,2.0
45674,3.0
45675,4.0
45676,3.0
45677,3.0
45678,2.0
45679,3.0
45680,1.0
45681,2.0
45682,1.0
45683,1.0
45684,1.0
45685,2.0
45686,0.0
45687,3.0
45688,3.0
45689,1.0
45690,0.0
45691,2.0
45692,3.0
45693,0.0
45694,1.0
45695,1.0
45696,2.0
45697,3.0
45698,3.0
45699,3.0
45700,3.0
45701,3.0
45702,0.0
45703,1.0
45704,1.0
45705,3.0
45706,1.0
45707,1.0
45708,1.0
45709,2.0
45710,3.0
45711,1.0
45712,3.0
45713,4.0
45714,2.0
45715,1.0
45716,3.0
45717,1.0
45718,1.0
45719,0.0
45720,3.0
45721,1.0
45722,2.0
45723,1.0
45724,2.0
45725,3.0
45726,2.0
45727,1.0
45728,0.0
45729,1.0
45730,4.0
45731,2.0
45732,0.0
45733,1.0
45734,4.0
45735,1.0
45736,2.0
45737,3.0
45738,3.0
45739,2.0
45740,4.0
45741,3.0
45742,4.0
45743,1.0
45744,1.0
45745,2.0
45746,0.0
45747,1.0
45748,4.0
45749,1.0
45750,1.0
45751,3.0
45752,3.0
45753,2.0
45754,3.0
45755,0.0
45756,2.0
45757,2.0
45758,0.0
45759,3.0
45760,1.0
45761,2.0
45762,1.0
45763,3.0
45764,2.0
45765,3.0
45766,1.0
45767,3.0
45768,2.0
45769,2.0
45770,2.0
45771,3.0
45772,2.0
45773,2.0
45774,2.0
45775,3.0
45776,2.0
45777,1.0
45778,1.0
45779,1.0
45780,1.0
45781,1.0
45782,1.0
45783,1.0
45784,2.0
45785,1.0
45786,2.0
45787,2.0
45788,1.0
45789,0.0
45790,1.0
45791,2.0
45792,4.0
45793,3.0
45794,3.0
45795,1.0
45796,2.0
45797,2.0
45798,1.0
45799,2.0
45800,2.0
45801,1.0
45802,3.0
45803,2.0
45804,3.0
45805,3.0
45806,1.0
45807,4.0
45808,3.0
45809,3.0
45810,3.0
45811,2.0
45812,3.0
45813,2.0
45814,1.0
45815,4.0
45816,2.0
45817,1.0
45818,3.0
45819,3.0
45820,3.0
45821,1.0
45822,1.0
45823,3.0
45824,2.0
45825,0.0
45826,0.0
45827,3.0
45828,1.0
45829,2.0
45830,3.0
45831,1.0
45832,3.0
45833,2.0
45834,4.0
45835,3.0
45836,4.0
45837,2.0
45838,1.0
45839,3.0
45840,4.0
45841,4.0
45842,4.0
45843,3.0
45844,1.0
45845,4.0
45846,4.0
45847,4.0
45848,3.0
45849,2.0
45850,1.0
45851,2.0
45852,3.0
45853,4.0
45854,1.0
45855,3.0
45856,2.0
45857,3.0
45858,3.0
45859,3.0
45860,1.0
45861,4.0
45862,1.0
45863,0.0
45864,2.0
45865,0.0
45866,3.0
45867,2.0
45868,1.0
45869,3.0
45870,1.0
45871,0.0
45872,3.0
45873,1.0
45874,1.0
45875,3.0
45876,1.0
45877,3.0
45878,4.0
45879,0.0
45880,1.0
45881,2.0
45882,2.0
45883,1.0
45884,0.0
45885,3.0
45886,4.0
45887,2.0
45888,4.0
45889,3.0
45890,4.0
45891,2.0
45892,0.0
45893,2.0
45894,2.0
45895,2.0
45896,3.0
45897,4.0
45898,1.0
45899,1.0
45900,1.0
45901,1.0
45902,4.0
45903,2.0
45904,2.0
45905,3.0
45906,1.0
45907,2.0
45908,1.0
45909,1.0
45910,0.0
45911,0.0
45912,2.0
45913,1.0
45914,1.0
45915,0.0
45916,4.0
45917,1.0
45918,1.0
45919,2.0
45920,1.0
45921,1.0
45922,1.0
45923,2.0
45924,1.0
45925,1.0
45926,3.0
45927,3.0
45928,3.0
45929,1.0
45930,3.0
45931,3.0
45932,3.0
45933,1.0
45934,1.0
45935,3.0
45936,4.0
45937,3.0
45938,1.0
45939,4.0
45940,0.0
45941,1.0
45942,3.0
45943,3.0
45944,3.0
45945,4.0
45946,2.0
45947,1.0
45948,1.0
45949,0.0
45950,1.0
45951,4.0
45952,4.0
45953,1.0
45954,3.0
45955,1.0
45956,3.0
45957,1.0
45958,3.0
45959,3.0
45960,4.0
45961,1.0
45962,2.0
45963,4.0
45964,1.0
45965,1.0
45966,1.0
45967,3.0
45968,1.0
45969,0.0
45970,1.0
45971,3.0
45972,1.0
45973,1.0
45974,0.0
45975,3.0
45976,3.0
45977,2.0
45978,2.0
45979,2.0
45980,1.0
45981,4.0
45982,3.0
45983,1.0
45984,3.0
45985,3.0
45986,1.0
45987,3.0
45988,3.0
45989,0.0
45990,3.0
45991,3.0
45992,3.0
45993,0.0
45994,3.0
45995,2.0
45996,2.0
45997,0.0
45998,3.0
45999,1.0
46000,0.0
46001,1.0
46002,4.0
46003,3.0
46004,2.0
46005,3.0
46006,3.0
46007,0.0
46008,3.0
46009,3.0
46010,0.0
46011,1.0
46012,1.0
46013,1.0
46014,1.0
46015,1.0
46016,2.0
46017,2.0
46018,2.0
46019,1.0
46020,4.0
46021,1.0
46022,1.0
46023,1.0
46024,4.0
46025,2.0
46026,3.0
46027,1.0
46028,1.0
46029,4.0
46030,4.0
46031,1.0
46032,3.0
46033,2.0
46034,3.0
46035,1.0
46036,0.0
46037,0.0
46038,3.0
46039,3.0
46040,1.0
46041,4.0
46042,0.0
46043,4.0
46044,2.0
46045,1.0
46046,2.0
46047,3.0
46048,1.0
46049,1.0
46050,4.0
46051,2.0
46052,2.0
46053,3.0
46054,3.0
46055,2.0
46056,1.0
46057,1.0
46058,1.0
46059,2.0
46060,0.0
46061,1.0
46062,4.0
46063,2.0
46064,2.0
46065,1.0
46066,0.0
46067,3.0
46068,1.0
46069,3.0
46070,3.0
46071,4.0
46072,2.0
46073,1.0
46074,3.0
46075,1.0
46076,1.0
46077,1.0
46078,1.0
46079,1.0
46080,3.0
46081,1.0
46082,3.0
46083,1.0
46084,1.0
46085,1.0
46086,3.0
46087,1.0
46088,2.0
46089,3.0
46090,3.0
46091,3.0
46092,1.0
46093,1.0
46094,4.0
46095,0.0
46096,1.0
46097,4.0
46098,3.0
46099,0.0
46100,1.0
46101,4.0
46102,1.0
46103,1.0
46104,2.0
46105,1.0
46106,3.0
46107,0.0
46108,3.0
46109,3.0
46110,2.0
46111,3.0
46112,3.0
46113,3.0
46114,0.0
46115,1.0
46116,1.0
46117,4.0
46118,1.0
46119,3.0
46120,1.0
46121,3.0
46122,4.0
46123,3.0
46124,1.0
46125,3.0
46126,3.0
46127,1.0
46128,3.0
46129,1.0
46130,4.0
46131,2.0
46132,2.0
46133,1.0
46134,1.0
46135,2.0
46136,3.0
46137,1.0
46138,0.0
46139,3.0
46140,0.0
46141,3.0
46142,3.0
46143,3.0
46144,1.0
46145,3.0
46146,4.0
46147,0.0
46148,3.0
46149,2.0
46150,1.0
46151,4.0
46152,0.0
46153,2.0
46154,1.0
46155,1.0
46156,3.0
46157,1.0
46158,1.0
46159,3.0
46160,3.0
46161,1.0
46162,4.0
46163,0.0
46164,1.0
46165,2.0
46166,3.0
46167,1.0
46168,3.0
46169,1.0
46170,2.0
46171,2.0
46172,3.0
46173,4.0
46174,3.0
46175,2.0
46176,4.0
46177,1.0
46178,3.0
46179,1.0
46180,3.0
46181,1.0
46182,3.0
46183,1.0
46184,2.0
46185,4.0
46186,4.0
46187,2.0
46188,0.0
46189,0.0
46190,1.0
46191,1.0
46192,1.0
46193,3.0
46194,2.0
46195,4.0
46196,1.0
46197,1.0
46198,3.0
46199,3.0
46200,2.0
46201,3.0
46202,3.0
46203,4.0
46204,3.0
46205,3.0
46206,0.0
46207,1.0
46208,1.0
46209,3.0
46210,3.0
46211,2.0
46212,3.0
46213,1.0
46214,0.0
46215,3.0
46216,2.0
46217,0.0
46218,1.0
46219,1.0
46220,3.0
46221,1.0
46222,0.0
46223,1.0
46224,1.0
46225,2.0
46226,1.0
46227,0.0
46228,0.0
46229,0.0
46230,1.0
46231,3.0
46232,4.0
46233,1.0
46234,2.0
46235,3.0
46236,1.0
46237,2.0
46238,0.0
46239,3.0
46240,2.0
46241,2.0
46242,1.0
46243,0.0
46244,3.0
46245,3.0
46246,2.0
46247,3.0
46248,3.0
46249,2.0
46250,4.0
46251,3.0
46252,2.0
46253,0.0
46254,4.0
46255,4.0
46256,3.0
46257,1.0
46258,1.0
46259,1.0
46260,3.0
46261,3.0
46262,1.0
46263,2.0
46264,1.0
46265,3.0
46266,2.0
46267,3.0
46268,0.0
46269,0.0
46270,2.0
46271,1.0
46272,0.0
46273,2.0
46274,0.0
46275,1.0
46276,1.0
46277,3.0
46278,4.0
46279,1.0
46280,3.0
46281,1.0
46282,3.0
46283,2.0
46284,3.0
46285,2.0
46286,0.0
46287,1.0
46288,3.0
46289,1.0
46290,1.0
46291,3.0
46292,4.0
46293,3.0
46294,0.0
46295,1.0
46296,2.0
46297,3.0
46298,1.0
46299,1.0
46300,3.0
46301,4.0
46302,1.0
46303,1.0
46304,1.0
46305,3.0
46306,1.0
46307,0.0
46308,0.0
46309,2.0
46310,1.0
46311,4.0
46312,1.0
46313,3.0
46314,2.0
46315,3.0
46316,0.0
46317,3.0
46318,3.0
46319,1.0
46320,1.0
46321,1.0
46322,3.0
46323,3.0
46324,0.0
46325,2.0
46326,1.0
46327,1.0
46328,4.0
46329,1.0
46330,1.0
46331,3.0
46332,0.0
46333,3.0
46334,1.0
46335,3.0
46336,1.0
46337,1.0
46338,4.0
46339,4.0
46340,2.0
46341,1.0
46342,3.0
46343,2.0
46344,3.0
46345,4.0
46346,1.0
46347,0.0
46348,1.0
46349,3.0
46350,2.0
46351,1.0
46352,1.0
46353,4.0
46354,3.0
46355,4.0
46356,1.0
46357,3.0
46358,3.0
46359,3.0
46360,1.0
46361,1.0
46362,1.0
46363,3.0
46364,3.0
46365,1.0
46366,1.0
46367,0.0
46368,3.0
46369,4.0
46370,2.0
46371,1.0
46372,2.0
46373,3.0
46374,3.0
46375,1.0
46376,3.0
46377,0.0
46378,1.0
46379,2.0
46380,3.0
46381,1.0
46382,1.0
46383,3.0
46384,3.0
46385,1.0
46386,1.0
46387,2.0
46388,2.0
46389,3.0
46390,3.0
46391,2.0
46392,3.0
46393,1.0
46394,3.0
46395,1.0
46396,3.0
46397,1.0
46398,1.0
46399,4.0
46400,3.0
46401,3.0
46402,1.0
46403,0.0
46404,3.0
46405,4.0
46406,3.0
46407,3.0
46408,3.0
46409,0.0
46410,3.0
46411,4.0
46412,3.0
46413,2.0
46414,1.0
46415,3.0
46416,3.0
46417,3.0
46418,1.0
46419,1.0
46420,1.0
46421,2.0
46422,1.0
46423,0.0
46424,1.0
46425,2.0
46426,2.0
46427,3.0
46428,0.0
46429,4.0
46430,0.0
46431,3.0
46432,2.0
46433,3.0
46434,3.0
46435,2.0
46436,4.0
46437,3.0
46438,1.0
46439,2.0
46440,2.0
46441,2.0
46442,2.0
46443,0.0
46444,4.0
46445,3.0
46446,0.0
46447,2.0
46448,1.0
46449,4.0
46450,1.0
46451,0.0
46452,4.0
46453,1.0
46454,3.0
46455,0.0
46456,3.0
46457,4.0
46458,4.0
46459,3.0
46460,1.0
46461,1.0
46462,2.0
46463,4.0
46464,1.0
46465,1.0
46466,1.0
46467,2.0
46468,2.0
46469,4.0
46470,3.0
46471,3.0
46472,2.0
46473,4.0
46474,1.0
46475,1.0
46476,1.0
46477,3.0
46478,3.0
46479,1.0
46480,3.0
46481,1.0
46482,1.0
46483,1.0
46484,2.0
46485,3.0
46486,2.0
46487,3.0
46488,2.0
46489,3.0
46490,4.0
46491,1.0
46492,3.0
46493,1.0
46494,4.0
46495,3.0
46496,1.0
46497,2.0
46498,3.0
46499,1.0
46500,1.0
46501,2.0
46502,1.0
46503,3.0
46504,1.0
46505,1.0
46506,3.0
46507,0.0
46508,0.0
46509,2.0
46510,2.0
46511,3.0
46512,3.0
46513,3.0
46514,3.0
46515,1.0
46516,3.0
46517,4.0
46518,2.0
46519,0.0
46520,1.0
46521,3.0
46522,1.0
46523,1.0
46524,3.0
46525,3.0
46526,0.0
46527,4.0
46528,1.0
46529,1.0
46530,2.0
46531,0.0
46532,3.0
46533,1.0
46534,1.0
46535,1.0
46536,1.0
46537,0.0
46538,3.0
46539,3.0
46540,3.0
46541,3.0
46542,4.0
46543,1.0
46544,1.0
46545,1.0
46546,2.0
46547,3.0
46548,2.0
46549,1.0
46550,1.0
46551,1.0
46552,0.0
46553,2.0
46554,3.0
46555,4.0
46556,1.0
46557,0.0
46558,1.0
46559,0.0
46560,3.0
46561,4.0
46562,3.0
46563,1.0
46564,1.0
46565,3.0
46566,3.0
46567,3.0
46568,4.0
46569,2.0
46570,1.0
46571,1.0
46572,1.0
46573,3.0
46574,3.0
46575,3.0
46576,4.0
46577,2.0
46578,2.0
46579,4.0
46580,3.0
46581,3.0
46582,1.0
46583,4.0
46584,2.0
46585,4.0
46586,0.0
46587,1.0
46588,3.0
46589,1.0
46590,3.0
46591,2.0
46592,1.0
46593,3.0
46594,4.0
46595,1.0
46596,1.0
46597,2.0
46598,2.0
46599,2.0
46600,3.0
46601,3.0
46602,1.0
46603,2.0
46604,2.0
46605,1.0
46606,1.0
46607,3.0
46608,1.0
46609,4.0
46610,1.0
46611,4.0
46612,1.0
46613,1.0
46614,2.0
46615,1.0
46616,0.0
46617,1.0
46618,2.0
46619,0.0
46620,1.0
46621,1.0
46622,3.0
46623,3.0
46624,2.0
46625,3.0
46626,0.0
46627,1.0
46628,3.0
46629,2.0
46630,1.0
46631,2.0
46632,3.0
46633,0.0
46634,0.0
46635,3.0
46636,3.0
46637,3.0
46638,0.0
46639,3.0
46640,2.0
46641,2.0
46642,3.0
46643,1.0
46644,4.0
46645,3.0
46646,2.0
46647,2.0
46648,1.0
46649,2.0
46650,1.0
46651,0.0
46652,3.0
46653,3.0
46654,1.0
46655,1.0
46656,2.0
46657,3.0
46658,2.0
46659,0.0
46660,1.0
46661,1.0
46662,1.0
46663,2.0
46664,3.0
46665,0.0
46666,3.0
46667,1.0
46668,1.0
46669,2.0
46670,3.0
46671,1.0
46672,3.0
46673,1.0
46674,0.0
46675,3.0
46676,3.0
46677,3.0
46678,1.0
46679,3.0
46680,3.0
46681,4.0
46682,1.0
46683,1.0
46684,2.0
46685,2.0
46686,3.0
46687,3.0
46688,3.0
46689,1.0
46690,1.0
46691,1.0
46692,3.0
46693,3.0
46694,3.0
46695,1.0
46696,3.0
46697,2.0
46698,3.0
46699,1.0
46700,1.0
46701,2.0
46702,3.0
46703,1.0
46704,1.0
46705,2.0
46706,0.0
46707,1.0
46708,3.0
46709,3.0
46710,4.0
46711,3.0
46712,1.0
46713,3.0
46714,1.0
46715,1.0
46716,3.0
46717,1.0
46718,1.0
46719,2.0
46720,3.0
46721,3.0
46722,1.0
46723,1.0
46724,3.0
46725,4.0
46726,1.0
46727,1.0
46728,3.0
46729,4.0
46730,1.0
46731,2.0
46732,3.0
46733,3.0
46734,1.0
46735,2.0
46736,2.0
46737,1.0
46738,1.0
46739,1.0
46740,2.0
46741,3.0
46742,4.0
46743,2.0
46744,0.0
46745,4.0
46746,3.0
46747,4.0
46748,2.0
46749,1.0
46750,1.0
46751,2.0
46752,2.0
46753,1.0
46754,3.0
46755,3.0
46756,1.0
46757,3.0
46758,1.0
46759,1.0
46760,1.0
46761,2.0
46762,1.0
46763,3.0
46764,1.0
46765,3.0
46766,1.0
46767,1.0
46768,1.0
46769,1.0
46770,4.0
46771,0.0
46772,3.0
46773,0.0
46774,1.0
46775,1.0
46776,1.0
46777,2.0
46778,0.0
46779,3.0
46780,1.0
46781,3.0
46782,3.0
46783,3.0
46784,4.0
46785,1.0
46786,0.0
46787,1.0
46788,4.0
46789,4.0
46790,1.0
46791,2.0
46792,3.0
46793,1.0
46794,3.0
46795,1.0
46796,0.0
46797,3.0
46798,2.0
46799,1.0
46800,1.0
46801,1.0
46802,0.0
46803,3.0
46804,2.0
46805,4.0
46806,3.0
46807,3.0
46808,4.0
46809,3.0
46810,1.0
46811,1.0
46812,3.0
46813,0.0
46814,2.0
46815,3.0
46816,3.0
46817,1.0
46818,1.0
46819,3.0
46820,1.0
46821,0.0
46822,3.0
46823,2.0
46824,2.0
46825,2.0
46826,2.0
46827,0.0
46828,1.0
46829,1.0
46830,1.0
46831,4.0
46832,2.0
46833,2.0
46834,3.0
46835,2.0
46836,3.0
46837,1.0
46838,0.0
46839,1.0
46840,1.0
46841,3.0
46842,1.0
46843,3.0
46844,1.0
46845,3.0
46846,0.0
46847,1.0
46848,1.0
46849,3.0
46850,4.0
46851,0.0
46852,0.0
46853,1.0
46854,3.0
46855,3.0
46856,3.0
46857,1.0
46858,2.0
46859,4.0
46860,1.0
46861,3.0
46862,1.0
46863,2.0
46864,1.0
46865,3.0
46866,3.0
46867,2.0
46868,1.0
46869,3.0
46870,1.0
46871,3.0
46872,0.0
46873,1.0
46874,0.0
46875,3.0
46876,3.0
46877,2.0
46878,0.0
46879,1.0
46880,1.0
46881,2.0
46882,0.0
46883,1.0
46884,4.0
46885,1.0
46886,3.0
46887,4.0
46888,0.0
46889,4.0
46890,1.0
46891,1.0
46892,1.0
46893,3.0
46894,3.0
46895,1.0
46896,1.0
46897,1.0
46898,1.0
46899,1.0
46900,0.0
46901,1.0
46902,4.0
46903,1.0
46904,0.0
46905,4.0
46906,4.0
46907,3.0
46908,4.0
46909,1.0
46910,4.0
46911,1.0
46912,2.0
46913,1.0
46914,3.0
46915,3.0
46916,0.0
46917,2.0
46918,3.0
46919,2.0
46920,3.0
46921,1.0
46922,1.0
46923,0.0
46924,1.0
46925,1.0
46926,3.0
46927,0.0
46928,3.0
46929,2.0
46930,4.0
46931,0.0
46932,2.0
46933,2.0
46934,1.0
46935,3.0
46936,2.0
46937,4.0
46938,0.0
46939,1.0
46940,0.0
46941,2.0
46942,1.0
46943,2.0
46944,2.0
46945,1.0
46946,1.0
46947,3.0
46948,1.0
46949,4.0
46950,3.0
46951,1.0
46952,2.0
46953,2.0
46954,1.0
46955,1.0
46956,0.0
46957,1.0
46958,3.0
46959,4.0
46960,3.0
46961,1.0
46962,0.0
46963,0.0
46964,3.0
46965,3.0
46966,3.0
46967,0.0
46968,0.0
46969,4.0
46970,1.0
46971,3.0
46972,3.0
46973,2.0
46974,1.0
46975,1.0
46976,1.0
46977,3.0
46978,2.0
46979,3.0
46980,3.0
46981,1.0
46982,0.0
46983,3.0
46984,1.0
46985,2.0
46986,1.0
46987,4.0
46988,1.0
46989,4.0
46990,0.0
46991,3.0
46992,1.0
46993,0.0
46994,1.0
46995,1.0
46996,2.0
46997,0.0
46998,1.0
46999,1.0
47000,3.0
47001,3.0
47002,1.0
47003,0.0
47004,3.0
47005,1.0
47006,2.0
47007,1.0
47008,2.0
47009,2.0
47010,2.0
47011,0.0
47012,4.0
47013,1.0
47014,1.0
47015,2.0
47016,1.0
47017,0.0
47018,3.0
47019,3.0
47020,3.0
47021,0.0
47022,0.0
47023,4.0
47024,2.0
47025,0.0
47026,3.0
47027,3.0
47028,1.0
47029,3.0
47030,1.0
47031,2.0
47032,3.0
47033,2.0
47034,1.0
47035,2.0
47036,4.0
47037,3.0
47038,1.0
47039,2.0
47040,3.0
47041,3.0
47042,2.0
47043,3.0
47044,3.0
47045,3.0
47046,3.0
47047,1.0
47048,2.0
47049,3.0
47050,1.0
47051,1.0
47052,2.0
47053,3.0
47054,1.0
47055,1.0
47056,3.0
47057,1.0
47058,1.0
47059,2.0
47060,1.0
47061,1.0
47062,3.0
47063,2.0
47064,3.0
47065,3.0
47066,1.0
47067,3.0
47068,1.0
47069,2.0
47070,0.0
47071,1.0
47072,1.0
47073,1.0
47074,3.0
47075,3.0
47076,1.0
47077,3.0
47078,3.0
47079,2.0
47080,2.0
47081,2.0
47082,2.0
47083,2.0
47084,1.0
47085,1.0
47086,3.0
47087,0.0
47088,3.0
47089,3.0
47090,1.0
47091,1.0
47092,3.0
47093,1.0
47094,0.0
47095,3.0
47096,1.0
47097,1.0
47098,0.0
47099,3.0
47100,3.0
47101,4.0
47102,0.0
47103,1.0
47104,0.0
47105,2.0
47106,2.0
47107,1.0
47108,4.0
47109,1.0
47110,0.0
47111,1.0
47112,0.0
47113,1.0
47114,1.0
47115,0.0
47116,4.0
47117,2.0
47118,2.0
47119,1.0
47120,1.0
47121,2.0
47122,3.0
47123,3.0
47124,1.0
47125,4.0
47126,2.0
47127,0.0
47128,2.0
47129,2.0
47130,1.0
47131,3.0
47132,1.0
47133,2.0
47134,2.0
47135,1.0
47136,3.0
47137,0.0
47138,1.0
47139,3.0
47140,3.0
47141,2.0
47142,1.0
47143,1.0
47144,4.0
47145,1.0
47146,4.0
47147,1.0
47148,4.0
47149,1.0
47150,1.0
47151,4.0
47152,1.0
47153,1.0
47154,3.0
47155,3.0
47156,2.0
47157,2.0
47158,3.0
47159,2.0
47160,3.0
47161,4.0
47162,4.0
47163,1.0
47164,3.0
47165,3.0
47166,3.0
47167,1.0
47168,4.0
47169,1.0
47170,4.0
47171,3.0
47172,4.0
47173,3.0
47174,3.0
47175,1.0
47176,3.0
47177,1.0
47178,2.0
47179,1.0
47180,3.0
47181,1.0
47182,2.0
47183,0.0
47184,3.0
47185,3.0
47186,3.0
47187,4.0
47188,4.0
47189,1.0
47190,1.0
47191,4.0
47192,0.0
47193,1.0
47194,1.0
47195,1.0
47196,3.0
47197,1.0
47198,3.0
47199,3.0
47200,3.0
47201,3.0
47202,1.0
47203,4.0
47204,1.0
47205,2.0
47206,4.0
47207,0.0
47208,1.0
47209,2.0
47210,2.0
47211,0.0
47212,2.0
47213,2.0
47214,3.0
47215,3.0
47216,1.0
47217,4.0
47218,1.0
47219,2.0
47220,0.0
47221,4.0
47222,0.0
47223,4.0
47224,3.0
47225,2.0
47226,0.0
47227,2.0
47228,4.0
47229,0.0
47230,4.0
47231,1.0
47232,3.0
47233,1.0
47234,3.0
47235,3.0
47236,2.0
47237,1.0
47238,3.0
47239,4.0
47240,3.0
47241,1.0
47242,2.0
47243,3.0
47244,1.0
47245,1.0
47246,3.0
47247,3.0
47248,3.0
47249,1.0
47250,2.0
47251,1.0
47252,1.0
47253,0.0
47254,1.0
47255,1.0
47256,4.0
47257,3.0
47258,1.0
47259,2.0
47260,2.0
47261,1.0
47262,2.0
47263,4.0
47264,0.0
47265,3.0
47266,3.0
47267,1.0
47268,1.0
47269,1.0
47270,4.0
47271,0.0
47272,1.0
47273,3.0
47274,1.0
47275,0.0
47276,1.0
47277,1.0
47278,2.0
47279,4.0
47280,2.0
47281,1.0
47282,2.0
47283,1.0
47284,4.0
47285,2.0
47286,3.0
47287,2.0
47288,3.0
47289,3.0
47290,2.0
47291,1.0
47292,2.0
47293,3.0
47294,0.0
47295,1.0
47296,1.0
47297,3.0
47298,0.0
47299,3.0
47300,4.0
47301,2.0
47302,1.0
47303,3.0
47304,1.0
47305,4.0
47306,4.0
47307,2.0
47308,3.0
47309,3.0
47310,1.0
47311,2.0
47312,4.0
47313,4.0
47314,0.0
47315,1.0
47316,3.0
47317,3.0
47318,3.0
47319,3.0
47320,1.0
47321,1.0
47322,2.0
47323,4.0
47324,2.0
47325,2.0
47326,3.0
47327,3.0
47328,4.0
47329,3.0
47330,4.0
47331,0.0
47332,1.0
47333,3.0
47334,0.0
47335,1.0
47336,1.0
47337,2.0
47338,4.0
47339,1.0
47340,4.0
47341,4.0
47342,3.0
47343,3.0
47344,1.0
47345,1.0
47346,1.0
47347,1.0
47348,1.0
47349,3.0
47350,2.0
47351,4.0
47352,1.0
47353,2.0
47354,2.0
47355,1.0
47356,1.0
47357,3.0
47358,2.0
47359,3.0
47360,3.0
47361,1.0
47362,1.0
47363,2.0
47364,1.0
47365,1.0
47366,3.0
47367,1.0
47368,3.0
47369,3.0
47370,3.0
47371,1.0
47372,3.0
47373,1.0
47374,1.0
47375,0.0
47376,0.0
47377,3.0
47378,3.0
47379,0.0
47380,1.0
47381,4.0
47382,2.0
47383,1.0
47384,1.0
47385,1.0
47386,2.0
47387,2.0
47388,1.0
47389,4.0
47390,3.0
47391,1.0
47392,1.0
47393,1.0
47394,1.0
47395,0.0
47396,1.0
47397,3.0
47398,3.0
47399,1.0
47400,3.0
47401,1.0
47402,3.0
47403,4.0
47404,2.0
47405,4.0
47406,1.0
47407,3.0
47408,4.0
47409,0.0
47410,0.0
47411,3.0
47412,1.0
47413,2.0
47414,4.0
47415,0.0
47416,2.0
47417,3.0
47418,2.0
47419,2.0
47420,1.0
47421,3.0
47422,2.0
47423,2.0
47424,1.0
47425,3.0
47426,4.0
47427,3.0
47428,1.0
47429,4.0
47430,4.0
47431,3.0
47432,1.0
47433,0.0
47434,4.0
47435,0.0
47436,1.0
47437,2.0
47438,3.0
47439,3.0
47440,2.0
47441,0.0
47442,3.0
47443,1.0
47444,2.0
47445,0.0
47446,1.0
47447,3.0
47448,0.0
47449,0.0
47450,3.0
47451,3.0
47452,0.0
47453,1.0
47454,4.0
47455,3.0
47456,2.0
47457,4.0
47458,2.0
47459,3.0
47460,3.0
47461,3.0
47462,3.0
47463,1.0
47464,3.0
47465,1.0
47466,1.0
47467,3.0
47468,2.0
47469,3.0
47470,0.0
47471,4.0
47472,2.0
47473,3.0
47474,1.0
47475,1.0
47476,3.0
47477,1.0
47478,1.0
47479,2.0
47480,1.0
47481,3.0
47482,1.0
47483,4.0
47484,2.0
47485,1.0
47486,0.0
47487,3.0
47488,1.0
47489,1.0
47490,2.0
47491,3.0
47492,3.0
47493,1.0
47494,0.0
47495,3.0
47496,3.0
47497,1.0
47498,3.0
47499,3.0
47500,3.0
47501,4.0
47502,1.0
47503,1.0
47504,1.0
47505,3.0
47506,1.0
47507,1.0
47508,3.0
47509,0.0
47510,2.0
47511,4.0
47512,3.0
47513,1.0
47514,0.0
47515,2.0
47516,1.0
47517,2.0
47518,2.0
47519,1.0
47520,1.0
47521,1.0
47522,0.0
47523,1.0
47524,4.0
47525,3.0
47526,3.0
47527,2.0
47528,4.0
47529,2.0
47530,2.0
47531,2.0
47532,1.0
47533,4.0
47534,4.0
47535,3.0
47536,2.0
47537,3.0
47538,2.0
47539,1.0
47540,3.0
47541,0.0
47542,1.0
47543,1.0
47544,3.0
47545,2.0
47546,3.0
47547,2.0
47548,3.0
47549,4.0
47550,1.0
47551,2.0
47552,3.0
47553,1.0
47554,3.0
47555,3.0
47556,3.0
47557,0.0
47558,1.0
47559,3.0
47560,0.0
47561,0.0
47562,0.0
47563,1.0
47564,1.0
47565,2.0
47566,4.0
47567,0.0
47568,3.0
47569,4.0
47570,4.0
47571,1.0
47572,1.0
47573,2.0
47574,3.0
47575,1.0
47576,1.0
47577,2.0
47578,3.0
47579,0.0
47580,3.0
47581,1.0
47582,1.0
47583,1.0
47584,1.0
47585,4.0
47586,1.0
47587,1.0
47588,1.0
47589,1.0
47590,3.0
47591,2.0
47592,0.0
47593,3.0
47594,3.0
47595,0.0
47596,1.0
47597,3.0
47598,1.0
47599,1.0
47600,3.0
47601,2.0
47602,3.0
47603,3.0
47604,3.0
47605,2.0
47606,3.0
47607,1.0
47608,4.0
47609,1.0
47610,2.0
47611,0.0
47612,0.0
47613,2.0
47614,1.0
47615,0.0
47616,1.0
47617,2.0
47618,3.0
47619,0.0
47620,3.0
47621,1.0
47622,3.0
47623,1.0
47624,0.0
47625,0.0
47626,2.0
47627,2.0
47628,1.0
47629,4.0
47630,2.0
47631,4.0
47632,1.0
47633,3.0
47634,3.0
47635,4.0
47636,1.0
47637,1.0
47638,1.0
47639,3.0
47640,1.0
47641,2.0
47642,2.0
47643,2.0
47644,3.0
47645,1.0
47646,2.0
47647,3.0
47648,2.0
47649,3.0
47650,0.0
47651,3.0
47652,1.0
47653,0.0
47654,1.0
47655,3.0
47656,3.0
47657,2.0
47658,1.0
47659,3.0
47660,0.0
47661,2.0
47662,2.0
47663,1.0
47664,3.0
47665,2.0
47666,2.0
47667,3.0
47668,3.0
47669,1.0
47670,1.0
47671,2.0
47672,2.0
47673,2.0
47674,4.0
47675,1.0
47676,1.0
47677,1.0
47678,1.0
47679,3.0
47680,2.0
47681,3.0
47682,3.0
47683,4.0
47684,3.0
47685,3.0
47686,3.0
47687,0.0
47688,3.0
47689,2.0
47690,1.0
47691,0.0
47692,1.0
47693,2.0
47694,3.0
47695,2.0
47696,4.0
47697,3.0
47698,3.0
47699,2.0
47700,3.0
47701,3.0
47702,1.0
47703,1.0
47704,4.0
47705,2.0
47706,1.0
47707,1.0
47708,3.0
47709,1.0
47710,1.0
47711,3.0
47712,3.0
47713,3.0
47714,4.0
47715,1.0
47716,4.0
47717,1.0
47718,0.0
47719,1.0
47720,2.0
47721,3.0
47722,2.0
47723,3.0
47724,4.0
47725,3.0
47726,3.0
47727,4.0
47728,1.0
47729,3.0
47730,0.0
47731,3.0
47732,2.0
47733,3.0
47734,1.0
47735,3.0
47736,3.0
47737,1.0
47738,1.0
47739,3.0
47740,1.0
47741,2.0
47742,2.0
47743,1.0
47744,3.0
47745,1.0
47746,1.0
47747,1.0
47748,2.0
47749,3.0
47750,1.0
47751,3.0
47752,1.0
47753,1.0
47754,3.0
47755,3.0
47756,3.0
47757,2.0
47758,1.0
47759,3.0
47760,2.0
47761,3.0
47762,3.0
47763,3.0
47764,1.0
47765,3.0
47766,0.0
47767,2.0
47768,0.0
47769,2.0
47770,3.0
47771,3.0
47772,1.0
47773,1.0
47774,3.0
47775,2.0
47776,1.0
47777,1.0
47778,1.0
47779,3.0
47780,3.0
47781,3.0
47782,3.0
47783,1.0
47784,1.0
47785,3.0
47786,1.0
47787,4.0
47788,3.0
47789,3.0
47790,1.0
47791,1.0
47792,1.0
47793,0.0
47794,1.0
47795,3.0
47796,3.0
47797,1.0
47798,1.0
47799,1.0
47800,3.0
47801,3.0
47802,3.0
47803,2.0
47804,1.0
47805,3.0
47806,2.0
47807,0.0
47808,1.0
47809,0.0
47810,2.0
47811,4.0
47812,3.0
47813,1.0
47814,4.0
47815,3.0
47816,3.0
47817,1.0
47818,3.0
47819,2.0
47820,2.0
47821,1.0
47822,0.0
47823,3.0
47824,2.0
47825,1.0
47826,4.0
47827,2.0
47828,1.0
47829,3.0
47830,2.0
47831,1.0
47832,1.0
47833,2.0
47834,2.0
47835,3.0
47836,2.0
47837,3.0
47838,2.0
47839,1.0
47840,1.0
47841,1.0
47842,2.0
47843,2.0
47844,1.0
47845,2.0
47846,3.0
47847,4.0
47848,1.0
47849,2.0
47850,1.0
47851,1.0
47852,0.0
47853,0.0
47854,3.0
47855,2.0
47856,3.0
47857,3.0
47858,2.0
47859,3.0
47860,3.0
47861,2.0
47862,1.0
47863,1.0
47864,1.0
47865,3.0
47866,3.0
47867,3.0
47868,1.0
47869,2.0
47870,1.0
47871,1.0
47872,4.0
47873,1.0
47874,2.0
47875,3.0
47876,2.0
47877,3.0
47878,3.0
47879,1.0
47880,2.0
47881,1.0
47882,3.0
47883,4.0
47884,2.0
47885,1.0
47886,1.0
47887,2.0
47888,1.0
47889,1.0
47890,1.0
47891,0.0
47892,2.0
47893,1.0
47894,1.0
47895,2.0
47896,3.0
47897,4.0
47898,3.0
47899,1.0
47900,2.0
47901,0.0
47902,4.0
47903,4.0
47904,2.0
47905,0.0
47906,3.0
47907,3.0
47908,4.0
47909,3.0
47910,1.0
47911,1.0
47912,4.0
47913,0.0
47914,3.0
47915,0.0
47916,4.0
47917,3.0
47918,3.0
47919,4.0
47920,4.0
47921,3.0
47922,3.0
47923,1.0
47924,1.0
47925,0.0
47926,1.0
47927,0.0
47928,1.0
47929,4.0
47930,2.0
47931,0.0
47932,3.0
47933,1.0
47934,2.0
47935,1.0
47936,3.0
47937,4.0
47938,1.0
47939,3.0
47940,4.0
47941,1.0
47942,2.0
47943,1.0
47944,3.0
47945,1.0
47946,3.0
47947,1.0
47948,2.0
47949,2.0
47950,3.0
47951,4.0
47952,4.0
47953,3.0
47954,1.0
47955,3.0
47956,1.0
47957,1.0
47958,3.0
47959,3.0
47960,1.0
47961,1.0
47962,4.0
47963,3.0
47964,3.0
47965,3.0
47966,1.0
47967,0.0
47968,2.0
47969,3.0
47970,3.0
47971,3.0
47972,2.0
47973,2.0
47974,3.0
47975,0.0
47976,4.0
47977,3.0
47978,2.0
47979,3.0
47980,3.0
47981,3.0
47982,1.0
47983,1.0
47984,3.0
47985,1.0
47986,3.0
47987,2.0
47988,0.0
47989,3.0
47990,1.0
47991,4.0
47992,0.0
47993,1.0
47994,3.0
47995,3.0
47996,1.0
47997,4.0
47998,3.0
47999,4.0
48000,1.0
48001,3.0
48002,1.0
48003,2.0
48004,4.0
48005,2.0
48006,1.0
48007,1.0
48008,4.0
48009,3.0
48010,1.0
48011,1.0
48012,3.0
48013,3.0
48014,4.0
48015,2.0
48016,1.0
48017,3.0
48018,3.0
48019,1.0
48020,0.0
48021,2.0
48022,1.0
48023,3.0
48024,3.0
48025,0.0
48026,4.0
48027,2.0
48028,4.0
48029,3.0
48030,1.0
48031,3.0
48032,3.0
48033,2.0
48034,0.0
48035,1.0
48036,0.0
48037,3.0
48038,3.0
48039,0.0
48040,1.0
48041,4.0
48042,0.0
48043,2.0
48044,3.0
48045,3.0
48046,1.0
48047,3.0
48048,3.0
48049,3.0
48050,2.0
48051,1.0
48052,3.0
48053,1.0
48054,3.0
48055,3.0
48056,4.0
48057,1.0
48058,2.0
48059,0.0
48060,3.0
48061,2.0
48062,1.0
48063,3.0
48064,4.0
48065,2.0
48066,0.0
48067,1.0
48068,3.0
48069,3.0
48070,2.0
48071,1.0
48072,3.0
48073,3.0
48074,1.0
48075,0.0
48076,2.0
48077,1.0
48078,1.0
48079,3.0
48080,1.0
48081,1.0
48082,3.0
48083,1.0
48084,2.0
48085,4.0
48086,1.0
48087,3.0
48088,4.0
48089,3.0
48090,3.0
48091,3.0
48092,1.0
48093,4.0
48094,0.0
48095,4.0
48096,4.0
48097,3.0
48098,3.0
48099,3.0
48100,3.0
48101,3.0
48102,3.0
48103,3.0
48104,3.0
48105,3.0
48106,4.0
48107,2.0
48108,2.0
48109,4.0
48110,0.0
48111,1.0
48112,3.0
48113,1.0
48114,1.0
48115,3.0
48116,2.0
48117,3.0
48118,1.0
48119,3.0
48120,3.0
48121,2.0
48122,3.0
48123,0.0
48124,3.0
48125,4.0
48126,0.0
48127,3.0
48128,1.0
48129,2.0
48130,2.0
48131,3.0
48132,3.0
48133,1.0
48134,4.0
48135,3.0
48136,0.0
48137,3.0
48138,0.0
48139,2.0
48140,3.0
48141,3.0
48142,3.0
48143,3.0
48144,2.0
48145,2.0
48146,1.0
48147,1.0
48148,2.0
48149,4.0
48150,1.0
48151,2.0
48152,3.0
48153,0.0
48154,2.0
48155,3.0
48156,1.0
48157,1.0
48158,3.0
48159,3.0
48160,3.0
48161,0.0
48162,4.0
48163,4.0
48164,1.0
48165,4.0
48166,2.0
48167,2.0
48168,3.0
48169,4.0
48170,4.0
48171,1.0
48172,3.0
48173,1.0
48174,1.0
48175,4.0
48176,2.0
48177,3.0
48178,2.0
48179,3.0
48180,2.0
48181,3.0
48182,4.0
48183,1.0
48184,1.0
48185,4.0
48186,3.0
48187,2.0
48188,2.0
48189,3.0
48190,3.0
48191,3.0
48192,1.0
48193,1.0
48194,1.0
48195,3.0
48196,0.0
48197,1.0
48198,3.0
48199,2.0
48200,0.0
48201,4.0
48202,2.0
48203,3.0
48204,2.0
48205,3.0
48206,1.0
48207,1.0
48208,3.0
48209,3.0
48210,1.0
48211,3.0
48212,0.0
48213,2.0
48214,2.0
48215,2.0
48216,2.0
48217,1.0
48218,3.0
48219,2.0
48220,1.0
48221,1.0
48222,1.0
48223,1.0
48224,3.0
48225,2.0
48226,2.0
48227,3.0
48228,1.0
48229,1.0
48230,0.0
48231,1.0
48232,3.0
48233,1.0
48234,2.0
48235,3.0
48236,3.0
48237,3.0
48238,1.0
48239,2.0
48240,2.0
48241,4.0
48242,1.0
48243,1.0
48244,1.0
48245,1.0
48246,1.0
48247,2.0
48248,2.0
48249,2.0
48250,2.0
48251,1.0
48252,1.0
48253,3.0
48254,1.0
48255,3.0
48256,1.0
48257,2.0
48258,2.0
48259,3.0
48260,3.0
48261,2.0
48262,1.0
48263,3.0
48264,1.0
48265,2.0
48266,2.0
48267,2.0
48268,4.0
48269,0.0
48270,1.0
48271,3.0
48272,4.0
48273,1.0
48274,3.0
48275,3.0
48276,1.0
48277,0.0
48278,2.0
48279,0.0
48280,0.0
48281,1.0
48282,3.0
48283,3.0
48284,3.0
48285,0.0
48286,1.0
48287,3.0
48288,3.0
48289,2.0
48290,3.0
48291,3.0
48292,1.0
48293,0.0
48294,3.0
48295,1.0
48296,3.0
48297,1.0
48298,1.0
48299,1.0
48300,2.0
48301,1.0
48302,1.0
48303,3.0
48304,1.0
48305,0.0
48306,3.0
48307,1.0
48308,3.0
48309,3.0
48310,2.0
48311,3.0
48312,1.0
48313,3.0
48314,3.0
48315,2.0
48316,2.0
48317,3.0
48318,3.0
48319,0.0
48320,2.0
48321,1.0
48322,1.0
48323,3.0
48324,2.0
48325,1.0
48326,1.0
48327,1.0
48328,3.0
48329,3.0
48330,3.0
48331,2.0
48332,1.0
48333,3.0
48334,3.0
48335,4.0
48336,3.0
48337,1.0
48338,1.0
48339,1.0
48340,2.0
48341,2.0
48342,3.0
48343,0.0
48344,1.0
48345,3.0
48346,4.0
48347,3.0
48348,3.0
48349,1.0
48350,2.0
48351,1.0
48352,3.0
48353,3.0
48354,2.0
48355,3.0
48356,0.0
48357,4.0
48358,3.0
48359,2.0
48360,1.0
48361,1.0
48362,0.0
48363,2.0
48364,1.0
48365,2.0
48366,3.0
48367,1.0
48368,2.0
48369,1.0
48370,4.0
48371,3.0
48372,3.0
48373,3.0
48374,0.0
48375,1.0
48376,3.0
48377,2.0
48378,2.0
48379,3.0
48380,3.0
48381,4.0
48382,4.0
48383,2.0
48384,1.0
48385,1.0
48386,3.0
48387,2.0
48388,3.0
48389,4.0
48390,1.0
48391,3.0
48392,4.0
48393,1.0
48394,1.0
48395,1.0
48396,2.0
48397,1.0
48398,4.0
48399,3.0
48400,2.0
48401,1.0
48402,3.0
48403,2.0
48404,2.0
48405,0.0
48406,0.0
48407,0.0
48408,1.0
48409,2.0
48410,1.0
48411,1.0
48412,0.0
48413,1.0
48414,3.0
48415,0.0
48416,0.0
48417,2.0
48418,1.0
48419,2.0
48420,0.0
48421,2.0
48422,3.0
48423,3.0
48424,3.0
48425,1.0
48426,1.0
48427,3.0
48428,3.0
48429,1.0
48430,4.0
48431,4.0
48432,3.0
48433,3.0
48434,0.0
48435,1.0
48436,1.0
48437,3.0
48438,3.0
48439,3.0
48440,3.0
48441,1.0
48442,1.0
48443,3.0
48444,4.0
48445,4.0
48446,1.0
48447,4.0
48448,1.0
48449,1.0
48450,0.0
48451,1.0
48452,1.0
48453,2.0
48454,4.0
48455,3.0
48456,2.0
48457,3.0
48458,4.0
48459,1.0
48460,0.0
48461,2.0
48462,2.0
48463,3.0
48464,4.0
48465,0.0
48466,1.0
48467,3.0
48468,3.0
48469,1.0
48470,1.0
48471,3.0
48472,2.0
48473,1.0
48474,1.0
48475,2.0
48476,4.0
48477,3.0
48478,3.0
48479,1.0
48480,3.0
48481,3.0
48482,3.0
48483,1.0
48484,2.0
48485,3.0
48486,2.0
48487,3.0
48488,3.0
48489,3.0
48490,1.0
48491,3.0
48492,3.0
48493,2.0
48494,0.0
48495,3.0
48496,2.0
48497,2.0
48498,0.0
48499,1.0
48500,0.0
48501,2.0
48502,3.0
48503,1.0
48504,1.0
48505,1.0
48506,4.0
48507,3.0
48508,1.0
48509,1.0
48510,3.0
48511,3.0
48512,0.0
48513,0.0
48514,1.0
48515,1.0
48516,3.0
48517,3.0
48518,1.0
48519,2.0
48520,2.0
48521,1.0
48522,1.0
48523,1.0
48524,4.0
48525,2.0
48526,3.0
48527,0.0
48528,2.0
48529,4.0
48530,0.0
48531,3.0
48532,1.0
48533,2.0
48534,3.0
48535,2.0
48536,3.0
48537,3.0
48538,4.0
48539,1.0
48540,4.0
48541,1.0
48542,1.0
48543,3.0
48544,2.0
48545,3.0
48546,3.0
48547,2.0
48548,1.0
48549,0.0
48550,4.0
48551,2.0
48552,4.0
48553,2.0
48554,1.0
48555,0.0
48556,1.0
48557,2.0
48558,0.0
48559,4.0
48560,0.0
48561,1.0
48562,1.0
48563,2.0
48564,1.0
48565,1.0
48566,2.0
48567,1.0
48568,1.0
48569,2.0
48570,2.0
48571,1.0
48572,0.0
48573,1.0
48574,2.0
48575,1.0
48576,3.0
48577,3.0
48578,1.0
48579,4.0
48580,2.0
48581,2.0
48582,1.0
48583,3.0
48584,2.0
48585,0.0
48586,0.0
48587,3.0
48588,3.0
48589,2.0
48590,2.0
48591,1.0
48592,3.0
48593,1.0
48594,1.0
48595,1.0
48596,3.0
48597,0.0
48598,3.0
48599,0.0
48600,0.0
48601,4.0
48602,0.0
48603,3.0
48604,1.0
48605,3.0
48606,1.0
48607,0.0
48608,2.0
48609,2.0
48610,1.0
48611,1.0
48612,1.0
48613,1.0
48614,3.0
48615,1.0
48616,3.0
48617,1.0
48618,1.0
48619,0.0
48620,3.0
48621,1.0
48622,2.0
48623,2.0
48624,1.0
48625,3.0
48626,1.0
48627,4.0
48628,1.0
48629,3.0
48630,1.0
48631,1.0
48632,3.0
48633,0.0
48634,2.0
48635,1.0
48636,1.0
48637,1.0
48638,0.0
48639,3.0
48640,4.0
48641,2.0
48642,4.0
48643,1.0
48644,1.0
48645,4.0
48646,3.0
48647,3.0
48648,1.0
48649,2.0
48650,0.0
48651,2.0
48652,1.0
48653,0.0
48654,3.0
48655,1.0
48656,3.0
48657,3.0
48658,1.0
48659,3.0
48660,2.0
48661,1.0
48662,1.0
48663,3.0
48664,1.0
48665,1.0
48666,3.0
48667,3.0
48668,3.0
48669,4.0
48670,2.0
48671,0.0
48672,3.0
48673,1.0
48674,1.0
48675,3.0
48676,2.0
48677,3.0
48678,2.0
48679,3.0
48680,2.0
48681,1.0
48682,4.0
48683,3.0
48684,4.0
48685,4.0
48686,1.0
48687,1.0
48688,2.0
48689,2.0
48690,3.0
48691,1.0
48692,1.0
48693,3.0
48694,3.0
48695,3.0
48696,2.0
48697,0.0
48698,3.0
48699,3.0
48700,0.0
48701,3.0
48702,1.0
48703,3.0
48704,4.0
48705,3.0
48706,3.0
48707,1.0
48708,1.0
48709,3.0
48710,1.0
48711,4.0
48712,1.0
48713,1.0
48714,3.0
48715,0.0
48716,1.0
48717,1.0
48718,1.0
48719,1.0
48720,4.0
48721,0.0
48722,3.0
48723,3.0
48724,0.0
48725,4.0
48726,2.0
48727,0.0
48728,1.0
48729,3.0
48730,2.0
48731,1.0
48732,1.0
48733,0.0
48734,3.0
48735,1.0
48736,2.0
48737,3.0
48738,4.0
48739,1.0
48740,4.0
48741,2.0
48742,4.0
48743,2.0
48744,2.0
48745,1.0
48746,0.0
48747,1.0
48748,1.0
48749,1.0
48750,3.0
48751,1.0
48752,1.0
48753,1.0
48754,3.0
48755,1.0
48756,3.0
48757,3.0
48758,1.0
48759,1.0
48760,4.0
48761,1.0
48762,1.0
48763,4.0
48764,2.0
48765,1.0
48766,4.0
48767,1.0
48768,2.0
48769,1.0
48770,2.0
48771,2.0
48772,2.0
48773,1.0
48774,1.0
48775,0.0
48776,0.0
48777,1.0
48778,3.0
48779,3.0
48780,0.0
48781,1.0
48782,4.0
48783,0.0
48784,1.0
48785,1.0
48786,3.0
48787,3.0
48788,2.0
48789,3.0
48790,1.0
48791,1.0
48792,2.0
48793,1.0
48794,2.0
48795,3.0
48796,1.0
48797,3.0
48798,1.0
48799,1.0
48800,1.0
48801,1.0
48802,1.0
48803,1.0
48804,4.0
48805,2.0
48806,0.0
48807,2.0
48808,0.0
48809,3.0
48810,3.0
48811,3.0
48812,0.0
48813,4.0
48814,2.0
48815,2.0
48816,2.0
48817,4.0
48818,2.0
48819,3.0
48820,1.0
48821,4.0
48822,2.0
48823,1.0
48824,3.0
48825,3.0
48826,1.0
48827,2.0
48828,1.0
48829,1.0
48830,0.0
48831,1.0
48832,3.0
48833,3.0
48834,2.0
48835,1.0
48836,3.0
48837,1.0
48838,1.0
48839,0.0
48840,1.0
48841,2.0
48842,0.0
48843,1.0
48844,3.0
48845,1.0
48846,1.0
48847,3.0
48848,1.0
48849,3.0
48850,3.0
48851,4.0
48852,0.0
48853,1.0
48854,2.0
48855,4.0
48856,3.0
48857,1.0
48858,1.0
48859,3.0
48860,2.0
48861,1.0
48862,2.0
48863,2.0
48864,1.0
48865,3.0
48866,2.0
48867,1.0
48868,3.0
48869,3.0
48870,1.0
48871,3.0
48872,3.0
48873,1.0
48874,2.0
48875,4.0
48876,3.0
48877,0.0
48878,4.0
48879,4.0
48880,2.0
48881,3.0
48882,3.0
48883,3.0
48884,3.0
48885,1.0
48886,1.0
48887,2.0
48888,0.0
48889,3.0
48890,2.0
48891,4.0
48892,4.0
48893,1.0
48894,1.0
48895,4.0
48896,1.0
48897,2.0
48898,4.0
48899,2.0
48900,1.0
48901,0.0
48902,2.0
48903,3.0
48904,2.0
48905,1.0
48906,0.0
48907,1.0
48908,2.0
48909,3.0
48910,3.0
48911,4.0
48912,3.0
48913,2.0
48914,1.0
48915,2.0
48916,1.0
48917,3.0
48918,0.0
48919,1.0
48920,3.0
48921,0.0
48922,3.0
48923,3.0
48924,3.0
48925,2.0
48926,1.0
48927,4.0
48928,3.0
48929,1.0
48930,2.0
48931,1.0
48932,1.0
48933,2.0
48934,0.0
48935,1.0
48936,1.0
48937,4.0
48938,3.0
48939,3.0
48940,2.0
48941,0.0
48942,1.0
48943,3.0
48944,3.0
48945,0.0
48946,1.0
48947,1.0
48948,3.0
48949,1.0
48950,1.0
48951,1.0
48952,3.0
48953,1.0
48954,2.0
48955,0.0
48956,4.0
48957,1.0
48958,0.0
48959,3.0
48960,2.0
48961,4.0
48962,1.0
48963,0.0
48964,1.0
48965,4.0
48966,1.0
48967,1.0
48968,3.0
48969,0.0
48970,3.0
48971,1.0
48972,1.0
48973,2.0
48974,3.0
48975,3.0
48976,3.0
48977,3.0
48978,1.0
48979,0.0
48980,1.0
48981,1.0
48982,1.0
48983,2.0
48984,2.0
48985,3.0
48986,0.0
48987,1.0
48988,3.0
48989,4.0
48990,1.0
48991,3.0
48992,1.0
48993,2.0
48994,1.0
48995,1.0
48996,1.0
48997,1.0
48998,3.0
48999,0.0
49000,1.0
49001,1.0
49002,2.0
49003,2.0
49004,2.0
49005,2.0
49006,3.0
49007,1.0
49008,1.0
49009,3.0
49010,2.0
49011,3.0
49012,2.0
49013,3.0
49014,0.0
49015,3.0
49016,1.0
49017,1.0
49018,3.0
49019,1.0
49020,0.0
49021,1.0
49022,0.0
49023,3.0
49024,3.0
49025,2.0
49026,4.0
49027,0.0
49028,2.0
49029,3.0
49030,0.0
49031,3.0
49032,1.0
49033,4.0
49034,3.0
49035,4.0
49036,4.0
49037,1.0
49038,3.0
49039,3.0
49040,2.0
49041,3.0
49042,3.0
49043,0.0
49044,1.0
49045,1.0
49046,0.0
49047,3.0
49048,3.0
49049,2.0
49050,2.0
49051,1.0
49052,4.0
49053,1.0
49054,1.0
49055,3.0
49056,1.0
49057,3.0
49058,3.0
49059,1.0
49060,0.0
49061,0.0
49062,1.0
49063,1.0
49064,2.0
49065,3.0
49066,2.0
49067,1.0
49068,2.0
49069,0.0
49070,2.0
49071,1.0
49072,3.0
49073,2.0
49074,2.0
49075,3.0
49076,1.0
49077,0.0
49078,1.0
49079,3.0
49080,3.0
49081,3.0
49082,3.0
49083,0.0
49084,3.0
49085,1.0
49086,3.0
49087,3.0
49088,4.0
49089,3.0
49090,0.0
49091,0.0
49092,1.0
49093,1.0
49094,3.0
49095,4.0
49096,3.0
49097,3.0
49098,1.0
49099,1.0
49100,3.0
49101,0.0
49102,4.0
49103,2.0
49104,1.0
49105,1.0
49106,2.0
49107,0.0
49108,3.0
49109,0.0
49110,2.0
49111,1.0
49112,1.0
49113,1.0
49114,2.0
49115,4.0
49116,2.0
49117,3.0
49118,1.0
49119,1.0
49120,1.0
49121,1.0
49122,0.0
49123,1.0
49124,1.0
49125,4.0
49126,3.0
49127,3.0
49128,1.0
49129,3.0
49130,2.0
49131,2.0
49132,3.0
49133,3.0
49134,3.0
49135,3.0
49136,1.0
49137,3.0
49138,1.0
49139,1.0
49140,3.0
49141,2.0
49142,3.0
49143,3.0
49144,3.0
49145,3.0
49146,3.0
49147,1.0
49148,0.0
49149,1.0
49150,2.0
49151,3.0
49152,3.0
49153,2.0
49154,1.0
49155,1.0
49156,3.0
49157,0.0
49158,1.0
49159,2.0
49160,1.0
49161,3.0
49162,1.0
49163,3.0
49164,1.0
49165,3.0
49166,3.0
49167,1.0
49168,4.0
49169,1.0
49170,2.0
49171,1.0
49172,1.0
49173,0.0
49174,2.0
49175,2.0
49176,0.0
49177,3.0
49178,1.0
49179,1.0
49180,3.0
49181,1.0
49182,3.0
49183,0.0
49184,3.0
49185,1.0
49186,3.0
49187,3.0
49188,3.0
49189,3.0
49190,0.0
49191,0.0
49192,4.0
49193,1.0
49194,4.0
49195,3.0
49196,4.0
49197,1.0
49198,1.0
49199,4.0
49200,3.0
49201,1.0
49202,3.0
49203,3.0
49204,2.0
49205,1.0
49206,1.0
49207,0.0
49208,3.0
49209,2.0
49210,3.0
49211,3.0
49212,1.0
49213,1.0
49214,3.0
49215,3.0
49216,0.0
49217,3.0
49218,3.0
49219,3.0
49220,3.0
49221,2.0
49222,0.0
49223,0.0
49224,4.0
49225,4.0
49226,2.0
49227,1.0
49228,1.0
49229,4.0
49230,1.0
49231,1.0
49232,3.0
49233,4.0
49234,3.0
49235,2.0
49236,1.0
49237,4.0
49238,3.0
49239,3.0
49240,3.0
49241,2.0
49242,1.0
49243,1.0
49244,3.0
49245,2.0
49246,3.0
49247,3.0
49248,3.0
49249,3.0
49250,2.0
49251,3.0
49252,3.0
49253,4.0
49254,0.0
49255,3.0
49256,2.0
49257,0.0
49258,3.0
49259,2.0
49260,3.0
49261,1.0
49262,1.0
49263,1.0
49264,3.0
49265,4.0
49266,1.0
49267,3.0
49268,3.0
49269,0.0
49270,3.0
49271,1.0
49272,3.0
49273,4.0
49274,4.0
49275,0.0
49276,1.0
49277,2.0
49278,3.0
49279,3.0
49280,4.0
49281,3.0
49282,1.0
49283,3.0
49284,1.0
49285,3.0
49286,3.0
49287,1.0
49288,2.0
49289,0.0
49290,1.0
49291,0.0
49292,3.0
49293,3.0
49294,2.0
49295,2.0
49296,2.0
49297,2.0
49298,2.0
49299,3.0
49300,3.0
49301,4.0
49302,3.0
49303,1.0
49304,0.0
49305,2.0
49306,0.0
49307,3.0
49308,1.0
49309,3.0
49310,2.0
49311,2.0
49312,2.0
49313,1.0
49314,3.0
49315,1.0
49316,3.0
49317,1.0
49318,1.0
49319,3.0
49320,4.0
49321,1.0
49322,3.0
49323,3.0
49324,2.0
49325,1.0
49326,3.0
49327,4.0
49328,0.0
49329,1.0
49330,0.0
49331,2.0
49332,1.0
49333,3.0
49334,1.0
49335,4.0
49336,1.0
49337,3.0
49338,0.0
49339,1.0
49340,1.0
49341,2.0
49342,0.0
49343,1.0
49344,1.0
49345,1.0
49346,2.0
49347,1.0
49348,2.0
49349,3.0
49350,2.0
49351,2.0
49352,3.0
49353,4.0
49354,3.0
49355,1.0
49356,3.0
49357,4.0
49358,3.0
49359,2.0
49360,3.0
49361,1.0
49362,1.0
49363,0.0
49364,3.0
49365,3.0
49366,3.0
49367,2.0
49368,4.0
49369,1.0
49370,3.0
49371,3.0
49372,1.0
49373,0.0
49374,3.0
49375,3.0
49376,3.0
49377,3.0
49378,1.0
49379,3.0
49380,1.0
49381,1.0
49382,0.0
49383,4.0
49384,0.0
49385,1.0
49386,3.0
49387,4.0
49388,3.0
49389,2.0
49390,3.0
49391,2.0
49392,2.0
49393,1.0
49394,3.0
49395,1.0
49396,3.0
49397,1.0
49398,1.0
49399,1.0
49400,1.0
49401,2.0
49402,2.0
49403,1.0
49404,1.0
49405,0.0
49406,1.0
49407,4.0
49408,1.0
49409,2.0
49410,1.0
49411,4.0
49412,0.0
49413,3.0
49414,0.0
49415,3.0
49416,1.0
49417,2.0
49418,3.0
49419,3.0
49420,3.0
49421,3.0
49422,1.0
49423,1.0
49424,1.0
49425,1.0
49426,4.0
49427,2.0
49428,1.0
49429,0.0
49430,0.0
49431,3.0
49432,2.0
49433,3.0
49434,1.0
49435,1.0
49436,3.0
49437,3.0
49438,1.0
49439,4.0
49440,2.0
49441,3.0
49442,3.0
49443,3.0
49444,3.0
49445,4.0
49446,1.0
49447,1.0
49448,2.0
49449,2.0
49450,1.0
49451,3.0
49452,0.0
49453,4.0
49454,4.0
49455,3.0
49456,1.0
49457,2.0
49458,3.0
49459,1.0
49460,3.0
49461,3.0
49462,1.0
49463,3.0
49464,1.0
49465,3.0
49466,1.0
49467,3.0
49468,3.0
49469,4.0
49470,4.0
49471,1.0
49472,3.0
49473,2.0
49474,1.0
49475,3.0
49476,1.0
49477,3.0
49478,1.0
49479,3.0
49480,0.0
49481,3.0
49482,2.0
49483,0.0
49484,3.0
49485,0.0
49486,3.0
49487,1.0
49488,2.0
49489,0.0
49490,1.0
49491,1.0
49492,1.0
49493,3.0
49494,1.0
49495,4.0
49496,2.0
49497,1.0
49498,1.0
49499,3.0
49500,1.0
49501,1.0
49502,3.0
49503,2.0
49504,3.0
49505,3.0
49506,2.0
49507,1.0
49508,1.0
49509,3.0
49510,3.0
49511,4.0
49512,1.0
49513,1.0
49514,2.0
49515,1.0
49516,2.0
49517,3.0
49518,1.0
49519,1.0
49520,3.0
49521,3.0
49522,0.0
49523,3.0
49524,3.0
49525,3.0
49526,1.0
49527,3.0
49528,3.0
49529,1.0
49530,2.0
49531,0.0
49532,2.0
49533,1.0
49534,4.0
49535,0.0
49536,0.0
49537,1.0
49538,3.0
49539,1.0
49540,3.0
49541,4.0
49542,2.0
49543,1.0
49544,1.0
49545,0.0
49546,2.0
49547,1.0
49548,1.0
49549,4.0
49550,3.0
49551,1.0
49552,1.0
49553,4.0
49554,3.0
49555,3.0
49556,0.0
49557,3.0
49558,4.0
49559,1.0
49560,1.0
49561,2.0
49562,1.0
49563,3.0
49564,3.0
49565,1.0
49566,3.0
49567,1.0
49568,3.0
49569,1.0
49570,3.0
49571,0.0
49572,2.0
49573,1.0
49574,4.0
49575,2.0
49576,1.0
49577,2.0
49578,3.0
49579,1.0
49580,0.0
49581,1.0
49582,0.0
49583,4.0
49584,0.0
49585,0.0
49586,1.0
49587,1.0
49588,3.0
49589,2.0
49590,1.0
49591,1.0
49592,1.0
49593,3.0
49594,1.0
49595,4.0
49596,2.0
49597,1.0
49598,2.0
49599,3.0
49600,2.0
49601,3.0
49602,0.0
49603,2.0
49604,3.0
49605,2.0
49606,2.0
49607,0.0
49608,3.0
49609,3.0
49610,1.0
49611,3.0
49612,3.0
49613,0.0
49614,2.0
49615,0.0
49616,2.0
49617,1.0
49618,3.0
49619,2.0
49620,1.0
49621,2.0
49622,4.0
49623,2.0
49624,2.0
49625,3.0
49626,0.0
49627,1.0
49628,2.0
49629,2.0
49630,3.0
49631,2.0
49632,2.0
49633,3.0
49634,3.0
49635,1.0
49636,3.0
49637,1.0
49638,4.0
49639,1.0
49640,1.0
49641,3.0
49642,1.0
49643,3.0
49644,2.0
49645,2.0
49646,1.0
49647,1.0
49648,2.0
49649,3.0
49650,3.0
49651,1.0
49652,3.0
49653,4.0
49654,3.0
49655,1.0
49656,1.0
49657,1.0
49658,1.0
49659,1.0
49660,1.0
49661,3.0
49662,1.0
49663,1.0
49664,3.0
49665,1.0
49666,3.0
49667,1.0
49668,1.0
49669,1.0
49670,3.0
49671,3.0
49672,1.0
49673,3.0
49674,2.0
49675,1.0
49676,0.0
49677,2.0
49678,1.0
49679,3.0
49680,1.0
49681,2.0
49682,0.0
49683,0.0
49684,0.0
49685,0.0
49686,2.0
49687,1.0
49688,1.0
49689,4.0
49690,3.0
49691,1.0
49692,4.0
49693,3.0
49694,3.0
49695,2.0
49696,2.0
49697,0.0
49698,1.0
49699,3.0
49700,3.0
49701,1.0
49702,3.0
49703,3.0
49704,0.0
49705,1.0
49706,3.0
49707,1.0
49708,2.0
49709,1.0
49710,3.0
49711,3.0
49712,1.0
49713,1.0
49714,2.0
49715,3.0
49716,0.0
49717,4.0
49718,2.0
49719,1.0
49720,3.0
49721,3.0
49722,2.0
49723,0.0
49724,3.0
49725,4.0
49726,2.0
49727,2.0
49728,1.0
49729,1.0
49730,3.0
49731,1.0
49732,3.0
49733,3.0
49734,3.0
49735,1.0
49736,2.0
49737,0.0
49738,0.0
49739,1.0
49740,3.0
49741,0.0
49742,4.0
49743,2.0
49744,1.0
49745,3.0
49746,1.0
49747,3.0
49748,2.0
49749,1.0
49750,3.0
49751,3.0
49752,4.0
49753,1.0
49754,3.0
49755,2.0
49756,3.0
49757,3.0
49758,2.0
49759,1.0
49760,1.0
49761,1.0
49762,1.0
49763,4.0
49764,3.0
49765,0.0
49766,3.0
49767,0.0
49768,1.0
49769,4.0
49770,2.0
49771,2.0
49772,3.0
49773,1.0
49774,1.0
49775,0.0
49776,3.0
49777,2.0
49778,0.0
49779,2.0
49780,2.0
49781,1.0
49782,3.0
49783,3.0
49784,1.0
49785,4.0
49786,2.0
49787,2.0
49788,1.0
49789,3.0
49790,2.0
49791,3.0
49792,1.0
49793,3.0
49794,3.0
49795,1.0
49796,3.0
49797,3.0
49798,3.0
49799,4.0
49800,1.0
49801,1.0
49802,1.0
49803,1.0
49804,3.0
49805,2.0
49806,1.0
49807,3.0
49808,3.0
49809,2.0
49810,3.0
49811,1.0
49812,2.0
49813,4.0
49814,1.0
49815,1.0
49816,3.0
49817,3.0
49818,2.0
49819,3.0
49820,3.0
49821,1.0
49822,3.0
49823,3.0
49824,3.0
49825,1.0
49826,1.0
49827,2.0
49828,3.0
49829,3.0
49830,1.0
49831,3.0
49832,3.0
49833,1.0
49834,3.0
49835,1.0
49836,1.0
49837,1.0
49838,1.0
49839,1.0
49840,0.0
49841,1.0
49842,2.0
49843,4.0
49844,1.0
49845,0.0
49846,4.0
49847,2.0
49848,1.0
49849,3.0
49850,0.0
49851,1.0
49852,3.0
49853,1.0
49854,3.0
49855,1.0
49856,2.0
49857,3.0
49858,1.0
49859,2.0
49860,3.0
49861,1.0
49862,1.0
49863,0.0
49864,1.0
49865,0.0
49866,3.0
49867,2.0
49868,1.0
49869,2.0
49870,1.0
49871,1.0
49872,3.0
49873,3.0
49874,2.0
49875,1.0
49876,0.0
49877,1.0
49878,2.0
49879,3.0
49880,2.0
49881,1.0
49882,1.0
49883,3.0
49884,4.0
49885,3.0
49886,2.0
49887,1.0
49888,2.0
49889,1.0
49890,3.0
49891,3.0
49892,2.0
49893,1.0
49894,2.0
49895,2.0
49896,4.0
49897,1.0
49898,1.0
49899,1.0
49900,3.0
49901,2.0
49902,1.0
49903,0.0
49904,1.0
49905,0.0
49906,0.0
49907,2.0
49908,1.0
49909,1.0
49910,4.0
49911,1.0
49912,2.0
49913,3.0
49914,3.0
49915,3.0
49916,3.0
49917,1.0
49918,1.0
49919,3.0
49920,3.0
49921,2.0
49922,2.0
49923,1.0
49924,1.0
49925,3.0
49926,0.0
49927,3.0
49928,1.0
49929,1.0
49930,4.0
49931,1.0
49932,4.0
49933,1.0
49934,0.0
49935,1.0
49936,4.0
49937,1.0
49938,1.0
49939,3.0
49940,4.0
49941,3.0
49942,1.0
49943,1.0
49944,3.0
49945,2.0
49946,1.0
49947,3.0
49948,3.0
49949,1.0
49950,3.0
49951,3.0
49952,1.0
49953,4.0
49954,0.0
49955,0.0
49956,2.0
49957,1.0
49958,0.0
49959,2.0
49960,1.0
49961,0.0
49962,2.0
49963,1.0
49964,0.0
49965,4.0
49966,3.0
49967,2.0
49968,4.0
49969,1.0
49970,1.0
49971,3.0
49972,3.0
49973,1.0
49974,3.0
49975,2.0
49976,2.0
49977,1.0
49978,2.0
49979,4.0
49980,0.0
49981,1.0
49982,1.0
49983,1.0
49984,2.0
49985,3.0
49986,1.0
49987,1.0
49988,1.0
49989,3.0
49990,1.0
49991,1.0
49992,1.0
49993,3.0
49994,3.0
49995,3.0
49996,1.0
49997,4.0
49998,1.0
49999,0.0
50000,2.0
50001,2.0
50002,2.0
50003,2.0
50004,0.0
50005,4.0
50006,3.0
50007,1.0
50008,1.0
50009,3.0
50010,2.0
50011,3.0
50012,3.0
50013,1.0
50014,1.0
50015,0.0
50016,2.0
50017,1.0
50018,1.0
50019,4.0
50020,1.0
50021,4.0
50022,4.0
50023,2.0
50024,4.0
50025,4.0
50026,2.0
50027,1.0
50028,1.0
50029,0.0
50030,3.0
50031,1.0
50032,3.0
50033,3.0
50034,1.0
50035,2.0
50036,3.0
50037,3.0
50038,4.0
50039,3.0
50040,1.0
50041,1.0
50042,1.0
50043,1.0
50044,0.0
50045,1.0
50046,1.0
50047,3.0
50048,1.0
50049,1.0
50050,1.0
50051,1.0
50052,3.0
50053,3.0
50054,1.0
50055,3.0
50056,1.0
50057,3.0
50058,1.0
50059,0.0
50060,3.0
50061,1.0
50062,2.0
50063,3.0
50064,3.0
50065,1.0
50066,2.0
50067,2.0
50068,4.0
50069,4.0
50070,2.0
50071,3.0
50072,2.0
50073,3.0
50074,1.0
50075,4.0
50076,1.0
50077,3.0
50078,1.0
50079,2.0
50080,2.0
50081,0.0
50082,2.0
50083,1.0
50084,1.0
50085,3.0
50086,1.0
50087,1.0
50088,2.0
50089,1.0
50090,3.0
50091,3.0
50092,3.0
50093,0.0
50094,4.0
50095,3.0
50096,1.0
50097,0.0
50098,3.0
50099,1.0
50100,3.0
50101,1.0
50102,3.0
50103,1.0
50104,2.0
50105,3.0
50106,3.0
50107,3.0
50108,3.0
50109,3.0
50110,0.0
50111,3.0
50112,3.0
50113,1.0
50114,1.0
50115,4.0
50116,3.0
50117,3.0
50118,3.0
50119,0.0
50120,4.0
50121,1.0
50122,1.0
50123,3.0
50124,2.0
50125,3.0
50126,0.0
50127,2.0
50128,1.0
50129,3.0
50130,3.0
50131,1.0
50132,2.0
50133,2.0
50134,0.0
50135,2.0
50136,3.0
50137,3.0
50138,2.0
50139,1.0
50140,3.0
50141,1.0
50142,1.0
50143,2.0
50144,0.0
50145,1.0
50146,1.0
50147,1.0
50148,0.0
50149,3.0
50150,1.0
50151,0.0
50152,1.0
50153,1.0
50154,3.0
50155,1.0
50156,1.0
50157,1.0
50158,0.0
50159,3.0
50160,1.0
50161,2.0
50162,1.0
50163,3.0
50164,3.0
50165,2.0
50166,3.0
50167,0.0
50168,0.0
50169,3.0
50170,3.0
50171,2.0
50172,1.0
50173,3.0
50174,2.0
50175,1.0
50176,3.0
50177,1.0
50178,1.0
50179,1.0
50180,1.0
50181,0.0
50182,1.0
50183,1.0
50184,2.0
50185,3.0
50186,1.0
50187,0.0
50188,2.0
50189,1.0
50190,2.0
50191,1.0
50192,0.0
50193,3.0
50194,0.0
50195,0.0
50196,2.0
50197,2.0
50198,2.0
50199,1.0
50200,0.0
50201,1.0
50202,1.0
50203,1.0
50204,0.0
50205,3.0
50206,1.0
50207,0.0
50208,4.0
50209,1.0
50210,3.0
50211,0.0
50212,2.0
50213,1.0
50214,0.0
50215,3.0
50216,3.0
50217,2.0
50218,1.0
50219,3.0
50220,1.0
50221,1.0
50222,3.0
50223,4.0
50224,3.0
50225,1.0
50226,1.0
50227,2.0
50228,2.0
50229,1.0
50230,2.0
50231,3.0
50232,3.0
50233,1.0
50234,1.0
50235,1.0
50236,2.0
50237,1.0
50238,1.0
50239,1.0
50240,1.0
50241,3.0
50242,2.0
50243,3.0
50244,0.0
50245,1.0
50246,0.0
50247,1.0
50248,4.0
50249,3.0
50250,1.0
50251,3.0
50252,1.0
50253,3.0
50254,4.0
50255,1.0
50256,2.0
50257,1.0
50258,2.0
50259,1.0
50260,3.0
50261,3.0
50262,1.0
50263,4.0
50264,2.0
50265,3.0
50266,0.0
50267,3.0
50268,2.0
50269,1.0
50270,1.0
50271,3.0
50272,4.0
50273,1.0
50274,3.0
50275,1.0
50276,1.0
50277,3.0
50278,3.0
50279,3.0
50280,1.0
50281,3.0
50282,3.0
50283,1.0
50284,1.0
50285,1.0
50286,1.0
50287,2.0
50288,2.0
50289,1.0
50290,1.0
50291,2.0
50292,2.0
50293,4.0
50294,1.0
50295,1.0
50296,0.0
50297,1.0
50298,1.0
50299,1.0
50300,1.0
50301,4.0
50302,2.0
50303,0.0
50304,4.0
50305,3.0
50306,1.0
50307,3.0
50308,0.0
50309,3.0
50310,1.0
50311,2.0
50312,3.0
50313,1.0
50314,0.0
50315,0.0
50316,4.0
50317,2.0
50318,2.0
50319,3.0
50320,3.0
50321,3.0
50322,1.0
50323,3.0
50324,3.0
50325,3.0
50326,2.0
50327,3.0
50328,2.0
50329,3.0
50330,1.0
50331,2.0
50332,1.0
50333,1.0
50334,2.0
50335,2.0
50336,1.0
50337,1.0
50338,1.0
50339,2.0
50340,2.0
50341,2.0
50342,1.0
50343,3.0
50344,2.0
50345,2.0
50346,2.0
50347,2.0
50348,1.0
50349,3.0
50350,3.0
50351,2.0
50352,1.0
50353,3.0
50354,3.0
50355,0.0
50356,0.0
50357,1.0
50358,3.0
50359,0.0
50360,2.0
50361,0.0
50362,4.0
50363,4.0
50364,2.0
50365,3.0
50366,1.0
50367,1.0
50368,1.0
50369,4.0
50370,1.0
50371,2.0
50372,1.0
50373,3.0
50374,2.0
50375,4.0
50376,1.0
50377,2.0
50378,1.0
50379,1.0
50380,1.0
50381,3.0
50382,2.0
50383,3.0
50384,0.0
50385,3.0
50386,2.0
50387,4.0
50388,2.0
50389,3.0
50390,4.0
50391,1.0
50392,3.0
50393,4.0
50394,3.0
50395,4.0
50396,0.0
50397,4.0
50398,2.0
50399,1.0
50400,3.0
50401,1.0
50402,3.0
50403,1.0
50404,2.0
50405,3.0
50406,1.0
50407,4.0
50408,2.0
50409,3.0
50410,1.0
50411,3.0
50412,3.0
50413,1.0
50414,1.0
50415,1.0
50416,1.0
50417,3.0
50418,1.0
50419,3.0
50420,3.0
50421,2.0
50422,1.0
50423,1.0
50424,2.0
50425,1.0
50426,2.0
50427,3.0
50428,1.0
50429,3.0
50430,3.0
50431,2.0
50432,3.0
50433,4.0
50434,3.0
50435,2.0
50436,3.0
50437,3.0
50438,4.0
50439,3.0
50440,3.0
50441,1.0
50442,1.0
50443,1.0
50444,3.0
50445,2.0
50446,1.0
50447,1.0
50448,1.0
50449,3.0
50450,3.0
50451,3.0
50452,4.0
50453,1.0
50454,1.0
50455,2.0
50456,2.0
50457,1.0
50458,3.0
50459,2.0
50460,1.0
50461,3.0
50462,3.0
50463,3.0
50464,3.0
50465,3.0
50466,3.0
50467,3.0
50468,4.0
50469,4.0
50470,2.0
50471,0.0
50472,1.0
50473,1.0
50474,3.0
50475,1.0
50476,2.0
50477,1.0
50478,3.0
50479,1.0
50480,4.0
50481,3.0
50482,4.0
50483,2.0
50484,2.0
50485,1.0
50486,1.0
50487,3.0
50488,1.0
50489,1.0
50490,3.0
50491,2.0
50492,3.0
50493,0.0
50494,4.0
50495,1.0
50496,1.0
50497,1.0
50498,2.0
50499,2.0
50500,2.0
50501,0.0
50502,3.0
50503,3.0
50504,4.0
50505,0.0
50506,3.0
50507,0.0
50508,1.0
50509,3.0
50510,3.0
50511,4.0
50512,1.0
50513,2.0
50514,2.0
50515,1.0
50516,1.0
50517,2.0
50518,2.0
50519,4.0
50520,4.0
50521,3.0
50522,4.0
50523,1.0
50524,1.0
50525,3.0
50526,0.0
50527,4.0
50528,2.0
50529,3.0
50530,3.0
50531,3.0
50532,1.0
50533,1.0
50534,4.0
50535,1.0
50536,1.0
50537,0.0
50538,1.0
50539,1.0
50540,3.0
50541,2.0
50542,2.0
50543,1.0
50544,1.0
50545,3.0
50546,1.0
50547,0.0
50548,2.0
50549,1.0
50550,4.0
50551,3.0
50552,1.0
50553,3.0
50554,3.0
50555,2.0
50556,1.0
50557,1.0
50558,1.0
50559,3.0
50560,3.0
50561,1.0
50562,1.0
50563,1.0
50564,1.0
50565,3.0
50566,2.0
50567,1.0
50568,1.0
50569,3.0
50570,1.0
50571,0.0
50572,2.0
50573,2.0
50574,3.0
50575,3.0
50576,2.0
50577,1.0
50578,3.0
50579,3.0
50580,2.0
50581,4.0
50582,3.0
50583,1.0
50584,3.0
50585,3.0
50586,3.0
50587,2.0
50588,4.0
50589,4.0
50590,1.0
50591,0.0
50592,1.0
50593,1.0
50594,1.0
50595,3.0
50596,0.0
50597,1.0
50598,3.0
50599,1.0
50600,3.0
50601,1.0
50602,3.0
50603,1.0
50604,0.0
50605,2.0
50606,3.0
50607,3.0
50608,3.0
50609,2.0
50610,1.0
50611,4.0
50612,2.0
50613,1.0
50614,2.0
50615,1.0
50616,3.0
50617,1.0
50618,1.0
50619,4.0
50620,1.0
50621,3.0
50622,1.0
50623,1.0
50624,4.0
50625,2.0
50626,3.0
50627,3.0
50628,3.0
50629,2.0
50630,0.0
50631,1.0
50632,1.0
50633,3.0
50634,0.0
50635,3.0
50636,1.0
50637,3.0
50638,1.0
50639,3.0
50640,4.0
50641,2.0
50642,0.0
50643,0.0
50644,3.0
50645,4.0
50646,2.0
50647,1.0
50648,2.0
50649,0.0
50650,3.0
50651,3.0
50652,4.0
50653,1.0
50654,3.0
50655,2.0
50656,1.0
50657,2.0
50658,1.0
50659,4.0
50660,2.0
50661,2.0
50662,3.0
50663,0.0
50664,1.0
50665,1.0
50666,1.0
50667,3.0
50668,1.0
50669,3.0
50670,3.0
50671,1.0
50672,1.0
50673,2.0
50674,0.0
50675,3.0
50676,0.0
50677,3.0
50678,3.0
50679,2.0
50680,2.0
50681,1.0
50682,2.0
50683,1.0
50684,1.0
50685,3.0
50686,3.0
50687,4.0
50688,2.0
50689,3.0
50690,2.0
50691,0.0
50692,2.0
50693,2.0
50694,0.0
50695,1.0
50696,3.0
50697,3.0
50698,2.0
50699,0.0
50700,3.0
50701,0.0
50702,0.0
50703,1.0
50704,3.0
50705,4.0
50706,3.0
50707,1.0
50708,4.0
50709,3.0
50710,3.0
50711,3.0
50712,1.0
50713,3.0
50714,4.0
50715,4.0
50716,3.0
50717,1.0
50718,1.0
50719,1.0
50720,3.0
50721,1.0
50722,3.0
50723,1.0
50724,1.0
50725,3.0
50726,4.0
50727,1.0
50728,1.0
50729,3.0
50730,1.0
50731,3.0
50732,4.0
50733,0.0
50734,3.0
50735,1.0
50736,1.0
50737,0.0
50738,1.0
50739,3.0
50740,1.0
50741,1.0
50742,1.0
50743,3.0
50744,3.0
50745,4.0
50746,4.0
50747,2.0
50748,3.0
50749,3.0
50750,1.0
50751,3.0
50752,3.0
50753,1.0
50754,3.0
50755,1.0
50756,2.0
50757,1.0
50758,0.0
50759,3.0
50760,3.0
50761,2.0
50762,1.0
50763,2.0
50764,3.0
50765,1.0
50766,3.0
50767,3.0
50768,1.0
50769,3.0
50770,3.0
50771,3.0
50772,4.0
50773,4.0
50774,2.0
50775,3.0
50776,4.0
50777,2.0
50778,0.0
50779,2.0
50780,3.0
50781,1.0
50782,4.0
50783,1.0
50784,1.0
50785,2.0
50786,2.0
50787,1.0
50788,0.0
50789,3.0
50790,0.0
50791,1.0
50792,1.0
50793,3.0
50794,4.0
50795,0.0
50796,2.0
50797,3.0
50798,1.0
50799,2.0
50800,3.0
50801,4.0
50802,1.0
50803,1.0
50804,3.0
50805,0.0
50806,4.0
50807,1.0
50808,3.0
50809,1.0
50810,2.0
50811,2.0
50812,1.0
50813,3.0
50814,4.0
50815,0.0
50816,3.0
50817,4.0
50818,3.0
50819,0.0
50820,3.0
50821,1.0
50822,1.0
50823,2.0
50824,4.0
50825,1.0
50826,0.0
50827,4.0
50828,3.0
50829,1.0
50830,4.0
50831,1.0
50832,1.0
50833,3.0
50834,0.0
50835,3.0
50836,2.0
50837,2.0
50838,4.0
50839,2.0
50840,3.0
50841,3.0
50842,3.0
50843,1.0
50844,1.0
50845,3.0
50846,1.0
50847,0.0
50848,1.0
50849,3.0
50850,3.0
50851,3.0
50852,4.0
50853,1.0
50854,1.0
50855,3.0
50856,1.0
50857,1.0
50858,2.0
50859,3.0
50860,2.0
50861,2.0
50862,3.0
50863,2.0
50864,3.0
50865,3.0
50866,3.0
50867,1.0
50868,1.0
50869,1.0
50870,0.0
50871,4.0
50872,3.0
50873,3.0
50874,1.0
50875,3.0
50876,1.0
50877,4.0
50878,1.0
50879,3.0
50880,4.0
50881,3.0
50882,2.0
50883,2.0
50884,1.0
50885,1.0
50886,1.0
50887,2.0
50888,2.0
50889,1.0
50890,2.0
50891,3.0
50892,3.0
50893,1.0
50894,3.0
50895,1.0
50896,3.0
50897,0.0
50898,4.0
50899,1.0
50900,2.0
50901,2.0
50902,2.0
50903,1.0
50904,1.0
50905,2.0
50906,0.0
50907,3.0
50908,4.0
50909,1.0
50910,2.0
50911,0.0
50912,1.0
50913,3.0
50914,2.0
50915,2.0
50916,1.0
50917,2.0
50918,1.0
50919,3.0
50920,0.0
50921,3.0
50922,1.0
50923,1.0
50924,1.0
50925,1.0
50926,1.0
50927,3.0
50928,1.0
50929,3.0
50930,3.0
50931,1.0
50932,3.0
50933,2.0
50934,3.0
50935,2.0
50936,4.0
50937,2.0
50938,3.0
50939,1.0
50940,4.0
50941,2.0
50942,3.0
50943,1.0
50944,3.0
50945,3.0
50946,4.0
50947,0.0
50948,1.0
50949,1.0
50950,1.0
50951,1.0
50952,1.0
50953,3.0
50954,2.0
50955,3.0
50956,3.0
50957,2.0
50958,2.0
50959,2.0
50960,1.0
50961,1.0
50962,1.0
50963,1.0
50964,2.0
50965,4.0
50966,1.0
50967,1.0
50968,2.0
50969,1.0
50970,1.0
50971,1.0
50972,3.0
50973,3.0
50974,1.0
50975,3.0
50976,3.0
50977,3.0
50978,1.0
50979,3.0
50980,3.0
50981,4.0
50982,1.0
50983,3.0
50984,0.0
50985,3.0
50986,2.0
50987,1.0
50988,1.0
50989,3.0
50990,0.0
50991,3.0
50992,3.0
50993,4.0
50994,1.0
50995,3.0
50996,2.0
50997,4.0
50998,1.0
50999,4.0
51000,1.0
51001,1.0
51002,1.0
51003,1.0
51004,3.0
51005,0.0
51006,1.0
51007,1.0
51008,1.0
51009,3.0
51010,3.0
51011,3.0
51012,3.0
51013,3.0
51014,3.0
51015,3.0
51016,2.0
51017,3.0
51018,3.0
51019,3.0
51020,3.0
51021,2.0
51022,2.0
51023,3.0
51024,2.0
51025,3.0
51026,2.0
51027,1.0
51028,4.0
51029,3.0
51030,3.0
51031,3.0
51032,3.0
51033,1.0
51034,0.0
51035,3.0
51036,2.0
51037,4.0
51038,1.0
51039,3.0
51040,3.0
51041,1.0
51042,1.0
51043,3.0
51044,1.0
51045,0.0
51046,0.0
51047,0.0
51048,3.0
51049,1.0
51050,2.0
51051,3.0
51052,0.0
51053,1.0
51054,3.0
51055,0.0
51056,3.0
51057,3.0
51058,3.0
51059,1.0
51060,2.0
51061,1.0
51062,4.0
51063,2.0
51064,1.0
51065,2.0
51066,4.0
51067,3.0
51068,1.0
51069,1.0
51070,1.0
51071,0.0
51072,3.0
51073,4.0
51074,2.0
51075,0.0
51076,1.0
51077,1.0
51078,1.0
51079,1.0
51080,2.0
51081,2.0
51082,3.0
51083,2.0
51084,3.0
51085,4.0
51086,4.0
51087,2.0
51088,3.0
51089,3.0
51090,0.0
51091,1.0
51092,0.0
51093,4.0
51094,2.0
51095,1.0
51096,4.0
51097,3.0
51098,1.0
51099,0.0
51100,1.0
51101,0.0
51102,3.0
51103,3.0
51104,2.0
51105,1.0
51106,3.0
51107,3.0
51108,3.0
51109,3.0
51110,1.0
51111,0.0
51112,2.0
51113,3.0
51114,2.0
51115,3.0
51116,1.0
51117,1.0
51118,3.0
51119,1.0
51120,1.0
51121,4.0
51122,2.0
51123,3.0
51124,1.0
51125,1.0
51126,1.0
51127,4.0
51128,3.0
51129,2.0
51130,1.0
51131,2.0
51132,1.0
51133,1.0
51134,1.0
51135,3.0
51136,0.0
51137,4.0
51138,1.0
51139,2.0
51140,1.0
51141,1.0
51142,3.0
51143,0.0
51144,1.0
51145,3.0
51146,1.0
51147,0.0
51148,4.0
51149,2.0
51150,3.0
51151,4.0
51152,3.0
51153,2.0
51154,2.0
51155,3.0
51156,4.0
51157,1.0
51158,2.0
51159,1.0
51160,2.0
51161,2.0
51162,3.0
51163,3.0
51164,2.0
51165,1.0
51166,1.0
51167,3.0
51168,2.0
51169,2.0
51170,2.0
51171,1.0
51172,3.0
51173,3.0
51174,1.0
51175,1.0
51176,1.0
51177,3.0
51178,3.0
51179,3.0
51180,0.0
51181,0.0
51182,2.0
51183,1.0
51184,1.0
51185,3.0
51186,2.0
51187,3.0
51188,0.0
51189,4.0
51190,1.0
51191,3.0
51192,1.0
51193,3.0
51194,3.0
51195,1.0
51196,0.0
51197,3.0
51198,3.0
51199,1.0
51200,3.0
51201,3.0
51202,2.0
51203,2.0
51204,1.0
51205,0.0
51206,4.0
51207,0.0
51208,3.0
51209,4.0
51210,0.0
51211,2.0
51212,2.0
51213,3.0
51214,4.0
51215,3.0
51216,1.0
51217,0.0
51218,0.0
51219,1.0
51220,3.0
51221,4.0
51222,1.0
51223,2.0
51224,3.0
51225,3.0
51226,3.0
51227,1.0
51228,3.0
51229,2.0
51230,1.0
51231,1.0
51232,4.0
51233,1.0
51234,1.0
51235,1.0
51236,1.0
51237,3.0
51238,1.0
51239,0.0
51240,1.0
51241,3.0
51242,3.0
51243,3.0
51244,3.0
51245,1.0
51246,1.0
51247,2.0
51248,3.0
51249,1.0
51250,1.0
51251,1.0
51252,1.0
51253,1.0
51254,2.0
51255,1.0
51256,1.0
51257,4.0
51258,3.0
51259,4.0
51260,2.0
51261,1.0
51262,2.0
51263,1.0
51264,0.0
51265,1.0
51266,1.0
51267,3.0
51268,4.0
51269,3.0
51270,3.0
51271,1.0
51272,3.0
51273,1.0
51274,2.0
51275,1.0
51276,3.0
51277,0.0
51278,3.0
51279,1.0
51280,2.0
51281,2.0
51282,3.0
51283,4.0
51284,0.0
51285,2.0
51286,0.0
51287,2.0
51288,1.0
51289,4.0
51290,1.0
51291,0.0
51292,2.0
51293,2.0
51294,1.0
51295,1.0
51296,2.0
51297,1.0
51298,3.0
51299,3.0
51300,1.0
51301,1.0
51302,4.0
51303,3.0
51304,3.0
51305,1.0
51306,3.0
51307,1.0
51308,3.0
51309,1.0
51310,1.0
51311,1.0
51312,3.0
51313,2.0
51314,1.0
51315,2.0
51316,3.0
51317,4.0
51318,3.0
51319,2.0
51320,1.0
51321,2.0
51322,0.0
51323,3.0
51324,1.0
51325,4.0
51326,0.0
51327,3.0
51328,2.0
51329,2.0
51330,4.0
51331,3.0
51332,3.0
51333,3.0
51334,3.0
51335,3.0
51336,1.0
51337,1.0
51338,2.0
51339,3.0
51340,1.0
51341,0.0
51342,2.0
51343,1.0
51344,3.0
51345,3.0
51346,4.0
51347,3.0
51348,2.0
51349,3.0
51350,0.0
51351,4.0
51352,1.0
51353,3.0
51354,3.0
51355,3.0
51356,3.0
51357,0.0
51358,3.0
51359,3.0
51360,1.0
51361,1.0
51362,0.0
51363,0.0
51364,1.0
51365,4.0
51366,3.0
51367,1.0
51368,4.0
51369,4.0
51370,3.0
51371,4.0
51372,2.0
51373,3.0
51374,1.0
51375,3.0
51376,2.0
51377,3.0
51378,0.0
51379,1.0
51380,1.0
51381,3.0
51382,2.0
51383,2.0
51384,3.0
51385,3.0
51386,1.0
51387,1.0
51388,2.0
51389,1.0
51390,3.0
51391,1.0
51392,1.0
51393,0.0
51394,3.0
51395,2.0
51396,3.0
51397,1.0
51398,1.0
51399,3.0
51400,1.0
51401,3.0
51402,3.0
51403,1.0
51404,3.0
51405,4.0
51406,3.0
51407,3.0
51408,3.0
51409,4.0
51410,1.0
51411,2.0
51412,1.0
51413,2.0
51414,2.0
51415,3.0
51416,1.0
51417,1.0
51418,2.0
51419,2.0
51420,1.0
51421,1.0
51422,3.0
51423,1.0
51424,2.0
51425,4.0
51426,3.0
51427,1.0
51428,0.0
51429,3.0
51430,2.0
51431,0.0
51432,1.0
51433,3.0
51434,1.0
51435,1.0
51436,2.0
51437,4.0
51438,1.0
51439,3.0
51440,3.0
51441,1.0
51442,1.0
51443,1.0
51444,2.0
51445,3.0
51446,0.0
51447,3.0
51448,3.0
51449,3.0
51450,3.0
51451,2.0
51452,3.0
51453,2.0
51454,1.0
51455,3.0
51456,0.0
51457,1.0
51458,1.0
51459,0.0
51460,2.0
51461,1.0
51462,1.0
51463,1.0
51464,1.0
51465,1.0
51466,2.0
51467,1.0
51468,1.0
51469,2.0
51470,2.0
51471,1.0
51472,2.0
51473,3.0
51474,3.0
51475,0.0
51476,3.0
51477,2.0
51478,1.0
51479,3.0
51480,3.0
51481,1.0
51482,3.0
51483,3.0
51484,1.0
51485,1.0
51486,4.0
51487,3.0
51488,3.0
51489,3.0
51490,2.0
51491,3.0
51492,3.0
51493,1.0
51494,4.0
51495,1.0
51496,3.0
51497,1.0
51498,2.0
51499,1.0
51500,2.0
51501,3.0
51502,2.0
51503,2.0
51504,0.0
51505,0.0
51506,4.0
51507,1.0
51508,1.0
51509,3.0
51510,0.0
51511,0.0
51512,1.0
51513,2.0
51514,1.0
51515,3.0
51516,2.0
51517,0.0
51518,1.0
51519,0.0
51520,2.0
51521,0.0
51522,1.0
51523,1.0
51524,2.0
51525,2.0
51526,3.0
51527,2.0
51528,0.0
51529,1.0
51530,1.0
51531,0.0
51532,3.0
51533,2.0
51534,1.0
51535,0.0
51536,2.0
51537,1.0
51538,1.0
51539,2.0
51540,2.0
51541,1.0
51542,3.0
51543,2.0
51544,2.0
51545,1.0
51546,3.0
51547,4.0
51548,4.0
51549,1.0
51550,4.0
51551,3.0
51552,2.0
51553,3.0
51554,3.0
51555,3.0
51556,1.0
51557,0.0
51558,3.0
51559,4.0
51560,3.0
51561,3.0
51562,3.0
51563,0.0
51564,3.0
51565,2.0
51566,3.0
51567,0.0
51568,1.0
51569,0.0
51570,2.0
51571,1.0
51572,4.0
51573,1.0
51574,1.0
51575,2.0
51576,3.0
51577,4.0
51578,1.0
51579,1.0
51580,3.0
51581,2.0
51582,0.0
51583,3.0
51584,2.0
51585,3.0
51586,2.0
51587,2.0
51588,4.0
51589,2.0
51590,4.0
51591,2.0
51592,1.0
51593,2.0
51594,1.0
51595,1.0
51596,1.0
51597,2.0
51598,1.0
51599,1.0
51600,3.0
51601,1.0
51602,2.0
51603,1.0
51604,1.0
51605,3.0
51606,1.0
51607,2.0
51608,2.0
51609,2.0
51610,2.0
51611,4.0
51612,0.0
51613,0.0
51614,4.0
51615,3.0
51616,3.0
51617,3.0
51618,2.0
51619,1.0
51620,3.0
51621,2.0
51622,1.0
51623,1.0
51624,1.0
51625,1.0
51626,3.0
51627,3.0
51628,2.0
51629,2.0
51630,3.0
51631,3.0
51632,3.0
51633,0.0
51634,4.0
51635,1.0
51636,0.0
51637,2.0
51638,1.0
51639,2.0
51640,1.0
51641,0.0
51642,2.0
51643,3.0
51644,1.0
51645,0.0
51646,2.0
51647,3.0
51648,0.0
51649,1.0
51650,1.0
51651,2.0
51652,0.0
51653,2.0
51654,2.0
51655,1.0
51656,4.0
51657,2.0
51658,3.0
51659,1.0
51660,3.0
51661,3.0
51662,4.0
51663,1.0
51664,4.0
51665,1.0
51666,2.0
51667,4.0
51668,3.0
51669,3.0
51670,4.0
51671,3.0
51672,1.0
51673,0.0
51674,1.0
51675,4.0
51676,3.0
51677,2.0
51678,1.0
51679,3.0
51680,1.0
51681,3.0
51682,1.0
51683,3.0
51684,3.0
51685,3.0
51686,3.0
51687,1.0
51688,3.0
51689,1.0
51690,1.0
51691,2.0
51692,1.0
51693,1.0
51694,1.0
51695,3.0
51696,3.0
51697,4.0
51698,1.0
51699,3.0
51700,2.0
51701,3.0
51702,4.0
51703,4.0
51704,3.0
51705,1.0
51706,1.0
51707,4.0
51708,1.0
51709,3.0
51710,1.0
51711,3.0
51712,1.0
51713,2.0
51714,4.0
51715,1.0
51716,4.0
51717,1.0
51718,0.0
51719,3.0
51720,3.0
51721,3.0
51722,3.0
51723,1.0
51724,3.0
51725,3.0
51726,4.0
51727,1.0
51728,1.0
51729,1.0
51730,2.0
51731,4.0
51732,3.0
51733,1.0
51734,3.0
51735,1.0
51736,1.0
51737,3.0
51738,1.0
51739,2.0
51740,1.0
51741,0.0
51742,1.0
51743,1.0
51744,2.0
51745,3.0
51746,4.0
51747,1.0
51748,4.0
51749,3.0
51750,1.0
51751,3.0
51752,1.0
51753,3.0
51754,0.0
51755,4.0
51756,4.0
51757,3.0
51758,4.0
51759,2.0
51760,1.0
51761,1.0
51762,0.0
51763,1.0
51764,1.0
51765,1.0
51766,3.0
51767,4.0
51768,4.0
51769,1.0
51770,1.0
51771,3.0
51772,3.0
51773,0.0
51774,3.0
51775,1.0
51776,2.0
51777,3.0
51778,2.0
51779,1.0
51780,2.0
51781,1.0
51782,3.0
51783,1.0
51784,2.0
51785,2.0
51786,3.0
51787,0.0
51788,2.0
51789,1.0
51790,2.0
51791,0.0
51792,1.0
51793,3.0
51794,3.0
51795,2.0
51796,2.0
51797,0.0
51798,4.0
51799,0.0
51800,2.0
51801,1.0
51802,1.0
51803,2.0
51804,3.0
51805,0.0
51806,3.0
51807,2.0
51808,4.0
51809,3.0
51810,3.0
51811,2.0
51812,3.0
51813,0.0
51814,3.0
51815,1.0
51816,2.0
51817,3.0
51818,2.0
51819,3.0
51820,1.0
51821,3.0
51822,3.0
51823,1.0
51824,1.0
51825,1.0
51826,2.0
51827,3.0
51828,0.0
51829,1.0
51830,3.0
51831,3.0
51832,3.0
51833,1.0
51834,4.0
51835,3.0
51836,3.0
51837,0.0
51838,3.0
51839,4.0
51840,2.0
51841,2.0
51842,3.0
51843,3.0
51844,0.0
51845,4.0
51846,1.0
51847,2.0
51848,3.0
51849,1.0
51850,2.0
51851,3.0
51852,4.0
51853,1.0
51854,4.0
51855,3.0
51856,4.0
51857,3.0
51858,1.0
51859,1.0
51860,3.0
51861,1.0
51862,0.0
51863,0.0
51864,2.0
51865,3.0
51866,1.0
51867,0.0
51868,0.0
51869,3.0
51870,2.0
51871,3.0
51872,1.0
51873,1.0
51874,3.0
51875,2.0
51876,1.0
51877,1.0
51878,3.0
51879,1.0
51880,3.0
51881,1.0
51882,1.0
51883,0.0
51884,2.0
51885,1.0
51886,4.0
51887,3.0
51888,3.0
51889,4.0
51890,3.0
51891,1.0
51892,0.0
51893,2.0
51894,4.0
51895,1.0
51896,2.0
51897,1.0
51898,1.0
51899,3.0
51900,1.0
51901,4.0
51902,3.0
51903,1.0
51904,4.0
51905,1.0
51906,1.0
51907,1.0
51908,0.0
51909,2.0
51910,4.0
51911,1.0
51912,4.0
51913,1.0
51914,3.0
51915,3.0
51916,3.0
51917,4.0
51918,3.0
51919,1.0
51920,1.0
51921,1.0
51922,1.0
51923,1.0
51924,2.0
51925,4.0
51926,2.0
51927,2.0
51928,3.0
51929,1.0
51930,1.0
51931,2.0
51932,4.0
51933,3.0
51934,4.0
51935,4.0
51936,3.0
51937,0.0
51938,1.0
51939,0.0
51940,3.0
51941,2.0
51942,0.0
51943,1.0
51944,1.0
51945,3.0
51946,3.0
51947,1.0
51948,0.0
51949,1.0
51950,0.0
51951,0.0
51952,4.0
51953,4.0
51954,1.0
51955,1.0
51956,2.0
51957,1.0
51958,0.0
51959,1.0
51960,3.0
51961,1.0
51962,3.0
51963,1.0
51964,0.0
51965,2.0
51966,1.0
51967,1.0
51968,2.0
51969,3.0
51970,3.0
51971,3.0
51972,2.0
51973,4.0
51974,1.0
51975,3.0
51976,1.0
51977,3.0
51978,1.0
51979,2.0
51980,0.0
51981,3.0
51982,0.0
51983,4.0
51984,4.0
51985,3.0
51986,0.0
51987,1.0
51988,2.0
51989,1.0
51990,0.0
51991,1.0
51992,3.0
51993,3.0
51994,1.0
51995,1.0
51996,3.0
51997,3.0
51998,0.0
51999,3.0
52000,4.0
52001,3.0
52002,3.0
52003,3.0
52004,1.0
52005,1.0
52006,1.0
52007,1.0
52008,2.0
52009,0.0
52010,1.0
52011,1.0
52012,0.0
52013,3.0
52014,1.0
52015,1.0
52016,1.0
52017,3.0
52018,4.0
52019,3.0
52020,3.0
52021,3.0
52022,3.0
52023,3.0
52024,2.0
52025,2.0
52026,3.0
52027,3.0
52028,2.0
52029,4.0
52030,2.0
52031,2.0
52032,1.0
52033,2.0
52034,1.0
52035,2.0
52036,3.0
52037,1.0
52038,0.0
52039,0.0
52040,2.0
52041,3.0
52042,3.0
52043,3.0
52044,1.0
52045,3.0
52046,1.0
52047,4.0
52048,3.0
52049,3.0
52050,3.0
52051,1.0
52052,1.0
52053,2.0
52054,4.0
52055,3.0
52056,1.0
52057,4.0
52058,3.0
52059,2.0
52060,1.0
52061,1.0
52062,1.0
52063,3.0
52064,1.0
52065,2.0
52066,1.0
52067,3.0
52068,4.0
52069,3.0
52070,3.0
52071,0.0
52072,1.0
52073,2.0
52074,3.0
52075,1.0
52076,3.0
52077,3.0
52078,3.0
52079,4.0
52080,3.0
52081,3.0
52082,0.0
52083,1.0
52084,2.0
52085,0.0
52086,1.0
52087,1.0
52088,3.0
52089,1.0
52090,1.0
52091,0.0
52092,3.0
52093,2.0
52094,1.0
52095,3.0
52096,3.0
52097,1.0
52098,1.0
52099,0.0
52100,3.0
52101,3.0
52102,3.0
52103,4.0
52104,1.0
52105,2.0
52106,1.0
52107,2.0
52108,1.0
52109,2.0
52110,1.0
52111,3.0
52112,0.0
52113,1.0
52114,1.0
52115,3.0
52116,2.0
52117,4.0
52118,0.0
52119,1.0
52120,3.0
52121,4.0
52122,2.0
52123,1.0
52124,1.0
52125,4.0
52126,3.0
52127,3.0
52128,0.0
52129,1.0
52130,3.0
52131,1.0
52132,3.0
52133,1.0
52134,0.0
52135,3.0
52136,1.0
52137,1.0
52138,1.0
52139,1.0
52140,2.0
52141,3.0
52142,1.0
52143,0.0
52144,0.0
52145,3.0
52146,3.0
52147,1.0
52148,3.0
52149,1.0
52150,3.0
52151,4.0
52152,2.0
52153,3.0
52154,2.0
52155,0.0
52156,1.0
52157,3.0
52158,0.0
52159,3.0
52160,4.0
52161,1.0
52162,1.0
52163,2.0
52164,0.0
52165,2.0
52166,2.0
52167,1.0
52168,3.0
52169,3.0
52170,2.0
52171,0.0
52172,3.0
52173,3.0
52174,3.0
52175,1.0
52176,2.0
52177,3.0
52178,1.0
52179,1.0
52180,1.0
52181,3.0
52182,3.0
52183,0.0
52184,2.0
52185,1.0
52186,3.0
52187,3.0
52188,2.0
52189,3.0
52190,2.0
52191,1.0
52192,2.0
52193,2.0
52194,3.0
52195,3.0
52196,3.0
52197,3.0
52198,0.0
52199,3.0
52200,3.0
52201,0.0
52202,1.0
52203,2.0
52204,3.0
52205,3.0
52206,1.0
52207,1.0
52208,1.0
52209,3.0
52210,3.0
52211,1.0
52212,1.0
52213,2.0
52214,1.0
52215,4.0
52216,3.0
52217,3.0
52218,4.0
52219,2.0
52220,1.0
52221,2.0
52222,3.0
52223,3.0
52224,2.0
52225,0.0
52226,3.0
52227,2.0
52228,1.0
52229,3.0
52230,4.0
52231,1.0
52232,1.0
52233,3.0
52234,3.0
52235,1.0
52236,1.0
52237,1.0
52238,0.0
52239,1.0
52240,3.0
52241,4.0
52242,3.0
52243,3.0
52244,3.0
52245,1.0
52246,1.0
52247,1.0
52248,2.0
52249,2.0
52250,3.0
52251,1.0
52252,1.0
52253,2.0
52254,1.0
52255,0.0
52256,2.0
52257,0.0
52258,3.0
52259,1.0
52260,2.0
52261,2.0
52262,2.0
52263,1.0
52264,1.0
52265,1.0
52266,1.0
52267,3.0
52268,3.0
52269,1.0
52270,2.0
52271,1.0
52272,1.0
52273,0.0
52274,1.0
52275,4.0
52276,4.0
52277,2.0
52278,2.0
52279,3.0
52280,1.0
52281,4.0
52282,3.0
52283,1.0
52284,3.0
52285,0.0
52286,3.0
52287,3.0
52288,3.0
52289,3.0
52290,2.0
52291,1.0
52292,4.0
52293,1.0
52294,2.0
52295,1.0
52296,1.0
52297,2.0
52298,3.0
52299,2.0
52300,3.0
52301,3.0
52302,3.0
52303,3.0
52304,2.0
52305,0.0
52306,2.0
52307,3.0
52308,0.0
52309,1.0
52310,1.0
52311,3.0
52312,1.0
52313,3.0
52314,0.0
52315,4.0
52316,4.0
52317,3.0
52318,1.0
52319,1.0
52320,1.0
52321,2.0
52322,3.0
52323,4.0
52324,3.0
52325,3.0
52326,3.0
52327,3.0
52328,4.0
52329,1.0
52330,0.0
52331,3.0
52332,4.0
52333,1.0
52334,1.0
52335,4.0
52336,1.0
52337,3.0
52338,1.0
52339,1.0
52340,1.0
52341,2.0
52342,4.0
52343,2.0
52344,3.0
52345,1.0
52346,1.0
52347,1.0
52348,0.0
52349,4.0
52350,1.0
52351,3.0
52352,0.0
52353,3.0
52354,1.0
52355,3.0
52356,3.0
52357,0.0
52358,2.0
52359,3.0
52360,1.0
52361,1.0
52362,1.0
52363,1.0
52364,4.0
52365,3.0
52366,3.0
52367,4.0
52368,3.0
52369,1.0
52370,2.0
52371,1.0
52372,1.0
52373,3.0
52374,1.0
52375,3.0
52376,3.0
52377,3.0
52378,3.0
52379,3.0
52380,2.0
52381,3.0
52382,0.0
52383,0.0
52384,4.0
52385,3.0
52386,0.0
52387,3.0
52388,3.0
52389,1.0
52390,2.0
52391,4.0
52392,3.0
52393,3.0
52394,4.0
52395,1.0
52396,3.0
52397,3.0
52398,4.0
52399,3.0
52400,0.0
52401,1.0
52402,1.0
52403,1.0
52404,2.0
52405,3.0
52406,1.0
52407,1.0
52408,0.0
52409,1.0
52410,0.0
52411,1.0
52412,2.0
52413,1.0
52414,1.0
52415,4.0
52416,3.0
52417,3.0
52418,0.0
52419,0.0
52420,3.0
52421,4.0
52422,0.0
52423,2.0
52424,0.0
52425,3.0
52426,1.0
52427,1.0
52428,1.0
52429,3.0
52430,4.0
52431,1.0
52432,2.0
52433,2.0
52434,1.0
52435,1.0
52436,3.0
52437,3.0
52438,3.0
52439,4.0
52440,0.0
52441,3.0
52442,3.0
52443,2.0
52444,3.0
52445,3.0
52446,4.0
52447,2.0
52448,2.0
52449,3.0
52450,4.0
52451,0.0
52452,0.0
52453,3.0
52454,4.0
52455,4.0
52456,1.0
52457,4.0
52458,1.0
52459,0.0
52460,3.0
52461,0.0
52462,2.0
52463,4.0
52464,3.0
52465,3.0
52466,4.0
52467,1.0
52468,0.0
52469,1.0
52470,3.0
52471,2.0
52472,4.0
52473,3.0
52474,1.0
52475,2.0
52476,4.0
52477,2.0
52478,1.0
52479,4.0
52480,1.0
52481,3.0
52482,3.0
52483,1.0
52484,3.0
52485,0.0
52486,3.0
52487,3.0
52488,3.0
52489,2.0
52490,1.0
52491,1.0
52492,2.0
52493,3.0
52494,2.0
52495,4.0
52496,1.0
52497,4.0
52498,3.0
52499,1.0
52500,1.0
52501,1.0
52502,1.0
52503,1.0
52504,0.0
52505,2.0
52506,2.0
52507,3.0
52508,1.0
52509,1.0
52510,3.0
52511,2.0
52512,1.0
52513,1.0
52514,2.0
52515,1.0
52516,2.0
52517,4.0
52518,0.0
52519,1.0
52520,3.0
52521,4.0
52522,1.0
52523,0.0
52524,4.0
52525,3.0
52526,4.0
52527,4.0
52528,2.0
52529,3.0
52530,1.0
52531,2.0
52532,2.0
52533,2.0
52534,2.0
52535,3.0
52536,3.0
52537,2.0
52538,3.0
52539,1.0
52540,0.0
52541,2.0
52542,1.0
52543,3.0
52544,1.0
52545,3.0
52546,1.0
52547,3.0
52548,4.0
52549,3.0
52550,3.0
52551,1.0
52552,3.0
52553,1.0
52554,1.0
52555,2.0
52556,3.0
52557,3.0
52558,3.0
52559,3.0
52560,0.0
52561,3.0
52562,1.0
52563,2.0
52564,1.0
52565,1.0
52566,1.0
52567,0.0
52568,1.0
52569,3.0
52570,1.0
52571,0.0
52572,1.0
52573,2.0
52574,2.0
52575,2.0
52576,1.0
52577,1.0
52578,3.0
52579,3.0
52580,4.0
52581,1.0
52582,3.0
52583,3.0
52584,3.0
52585,0.0
52586,2.0
52587,3.0
52588,2.0
52589,3.0
52590,4.0
52591,3.0
52592,4.0
52593,3.0
52594,0.0
52595,1.0
52596,1.0
52597,2.0
52598,3.0
52599,1.0
52600,3.0
52601,1.0
52602,1.0
52603,1.0
52604,1.0
52605,1.0
52606,2.0
52607,2.0
52608,1.0
52609,1.0
52610,3.0
52611,1.0
52612,4.0
52613,1.0
52614,3.0
52615,0.0
52616,1.0
52617,3.0
52618,2.0
52619,2.0
52620,0.0
52621,2.0
52622,0.0
52623,3.0
52624,2.0
52625,0.0
52626,2.0
52627,1.0
52628,1.0
52629,0.0
52630,4.0
52631,0.0
52632,1.0
52633,2.0
52634,3.0
52635,3.0
52636,1.0
52637,4.0
52638,1.0
52639,0.0
52640,4.0
52641,2.0
52642,2.0
52643,1.0
52644,4.0
52645,3.0
52646,2.0
52647,4.0
52648,0.0
52649,2.0
52650,4.0
52651,2.0
52652,0.0
52653,3.0
52654,1.0
52655,4.0
52656,2.0
52657,3.0
52658,2.0
52659,3.0
52660,1.0
52661,1.0
52662,0.0
52663,2.0
52664,3.0
52665,4.0
52666,2.0
52667,3.0
52668,2.0
52669,3.0
52670,1.0
52671,2.0
52672,1.0
52673,2.0
52674,0.0
52675,2.0
52676,1.0
52677,2.0
52678,1.0
52679,3.0
52680,3.0
52681,2.0
52682,2.0
52683,2.0
52684,3.0
52685,4.0
52686,0.0
52687,3.0
52688,1.0
52689,0.0
52690,2.0
52691,2.0
52692,3.0
52693,4.0
52694,3.0
52695,2.0
52696,0.0
52697,1.0
52698,4.0
52699,0.0
52700,1.0
52701,3.0
52702,0.0
52703,2.0
52704,2.0
52705,1.0
52706,3.0
52707,1.0
52708,0.0
52709,3.0
52710,1.0
52711,1.0
52712,2.0
52713,3.0
52714,2.0
52715,2.0
52716,4.0
52717,1.0
52718,4.0
52719,3.0
52720,1.0
52721,3.0
52722,2.0
52723,3.0
52724,1.0
52725,2.0
52726,2.0
52727,1.0
52728,0.0
52729,4.0
52730,3.0
52731,0.0
52732,3.0
52733,1.0
52734,1.0
52735,4.0
52736,3.0
52737,3.0
52738,3.0
52739,3.0
52740,1.0
52741,3.0
52742,3.0
52743,1.0
52744,1.0
52745,1.0
52746,1.0
52747,3.0
52748,3.0
52749,0.0
52750,3.0
52751,2.0
52752,2.0
52753,2.0
52754,4.0
52755,1.0
52756,3.0
52757,2.0
52758,0.0
52759,0.0
52760,1.0
52761,1.0
52762,1.0
52763,3.0
52764,3.0
52765,3.0
52766,2.0
52767,2.0
52768,2.0
52769,2.0
52770,2.0
52771,1.0
52772,4.0
52773,1.0
52774,4.0
52775,0.0
52776,4.0
52777,1.0
52778,3.0
52779,3.0
52780,1.0
52781,1.0
52782,3.0
52783,4.0
52784,3.0
52785,4.0
52786,3.0
52787,1.0
52788,3.0
52789,3.0
52790,3.0
52791,3.0
52792,4.0
52793,1.0
52794,1.0
52795,2.0
52796,3.0
52797,0.0
52798,4.0
52799,3.0
52800,1.0
52801,1.0
52802,0.0
52803,3.0
52804,0.0
52805,0.0
52806,1.0
52807,1.0
52808,1.0
52809,3.0
52810,1.0
52811,1.0
52812,2.0
52813,0.0
52814,1.0
52815,3.0
52816,3.0
52817,3.0
52818,2.0
52819,0.0
52820,3.0
52821,4.0
52822,1.0
52823,3.0
52824,4.0
52825,0.0
52826,1.0
52827,3.0
52828,0.0
52829,3.0
52830,2.0
52831,2.0
52832,1.0
52833,2.0
52834,2.0
52835,2.0
52836,1.0
52837,3.0
52838,2.0
52839,4.0
52840,1.0
52841,1.0
52842,2.0
52843,4.0
52844,2.0
52845,0.0
52846,1.0
52847,1.0
52848,2.0
52849,3.0
52850,2.0
52851,3.0
52852,4.0
52853,2.0
52854,1.0
52855,4.0
52856,3.0
52857,2.0
52858,0.0
52859,1.0
52860,4.0
52861,3.0
52862,0.0
52863,3.0
52864,4.0
52865,2.0
52866,2.0
52867,1.0
52868,1.0
52869,0.0
52870,0.0
52871,3.0
52872,3.0
52873,0.0
52874,1.0
52875,2.0
52876,4.0
52877,4.0
52878,1.0
52879,1.0
52880,2.0
52881,4.0
52882,2.0
52883,3.0
52884,1.0
52885,1.0
52886,3.0
52887,3.0
52888,1.0
52889,1.0
52890,0.0
52891,3.0
52892,1.0
52893,0.0
52894,1.0
52895,1.0
52896,2.0
52897,4.0
52898,3.0
52899,1.0
52900,2.0
52901,3.0
52902,3.0
52903,1.0
52904,3.0
52905,3.0
52906,1.0
52907,0.0
52908,2.0
52909,3.0
52910,3.0
52911,1.0
52912,1.0
52913,1.0
52914,2.0
52915,2.0
52916,3.0
52917,2.0
52918,2.0
52919,1.0
52920,3.0
52921,3.0
52922,1.0
52923,2.0
52924,1.0
52925,3.0
52926,3.0
52927,1.0
52928,4.0
52929,3.0
52930,2.0
52931,0.0
52932,2.0
52933,3.0
52934,1.0
52935,3.0
52936,1.0
52937,3.0
52938,2.0
52939,2.0
52940,4.0
52941,1.0
52942,3.0
52943,3.0
52944,3.0
52945,1.0
52946,3.0
52947,3.0
52948,3.0
52949,1.0
52950,1.0
52951,3.0
52952,3.0
52953,3.0
52954,3.0
52955,1.0
52956,1.0
52957,0.0
52958,2.0
52959,4.0
52960,1.0
52961,3.0
52962,4.0
52963,0.0
52964,3.0
52965,4.0
52966,3.0
52967,4.0
52968,3.0
52969,3.0
52970,3.0
52971,3.0
52972,1.0
52973,1.0
52974,3.0
52975,1.0
52976,3.0
52977,1.0
52978,2.0
52979,1.0
52980,4.0
52981,0.0
52982,1.0
52983,2.0
52984,2.0
52985,1.0
52986,1.0
52987,3.0
52988,1.0
52989,1.0
52990,4.0
52991,1.0
52992,0.0
52993,4.0
52994,0.0
52995,1.0
52996,3.0
52997,3.0
52998,2.0
52999,0.0
53000,3.0
53001,2.0
53002,3.0
53003,3.0
53004,1.0
53005,3.0
53006,1.0
53007,0.0
53008,3.0
53009,2.0
53010,1.0
53011,1.0
53012,1.0
53013,2.0
53014,1.0
53015,1.0
53016,0.0
53017,3.0
53018,3.0
53019,1.0
53020,3.0
53021,2.0
53022,3.0
53023,3.0
53024,1.0
53025,2.0
53026,2.0
53027,4.0
53028,2.0
53029,2.0
53030,1.0
53031,2.0
53032,2.0
53033,3.0
53034,1.0
53035,1.0
53036,1.0
53037,1.0
53038,2.0
53039,1.0
53040,1.0
53041,1.0
53042,3.0
53043,1.0
53044,1.0
53045,0.0
53046,3.0
53047,2.0
53048,3.0
53049,2.0
53050,0.0
53051,2.0
53052,1.0
53053,1.0
53054,1.0
53055,1.0
53056,0.0
53057,2.0
53058,2.0
53059,2.0
53060,0.0
53061,3.0
53062,1.0
53063,4.0
53064,1.0
53065,1.0
53066,1.0
53067,1.0
53068,1.0
53069,2.0
53070,4.0
53071,4.0
53072,3.0
53073,1.0
53074,4.0
53075,3.0
53076,4.0
53077,3.0
53078,1.0
53079,3.0
53080,2.0
53081,1.0
53082,1.0
53083,3.0
53084,1.0
53085,4.0
53086,2.0
53087,2.0
53088,4.0
53089,2.0
53090,1.0
53091,0.0
53092,4.0
53093,2.0
53094,3.0
53095,1.0
53096,3.0
53097,2.0
53098,2.0
53099,2.0
53100,1.0
53101,0.0
53102,2.0
53103,2.0
53104,2.0
53105,3.0
53106,2.0
53107,1.0
53108,3.0
53109,4.0
53110,1.0
53111,4.0
53112,0.0
53113,1.0
53114,0.0
53115,4.0
53116,1.0
53117,1.0
53118,0.0
53119,2.0
53120,2.0
53121,3.0
53122,2.0
53123,2.0
53124,0.0
53125,1.0
53126,0.0
53127,2.0
53128,1.0
53129,4.0
53130,4.0
53131,1.0
53132,2.0
53133,1.0
53134,1.0
53135,0.0
53136,2.0
53137,1.0
53138,2.0
53139,3.0
53140,3.0
53141,2.0
53142,2.0
53143,3.0
53144,2.0
53145,4.0
53146,1.0
53147,1.0
53148,1.0
53149,2.0
53150,3.0
53151,3.0
53152,3.0
53153,3.0
53154,0.0
53155,4.0
53156,2.0
53157,3.0
53158,0.0
53159,2.0
53160,0.0
53161,0.0
53162,3.0
53163,3.0
53164,3.0
53165,0.0
53166,3.0
53167,1.0
53168,1.0
53169,4.0
53170,1.0
53171,4.0
53172,2.0
53173,1.0
53174,2.0
53175,0.0
53176,3.0
53177,1.0
53178,3.0
53179,2.0
53180,1.0
53181,3.0
53182,4.0
53183,3.0
53184,2.0
53185,1.0
53186,3.0
53187,2.0
53188,1.0
53189,2.0
53190,1.0
53191,3.0
53192,3.0
53193,0.0
53194,1.0
53195,1.0
53196,4.0
53197,1.0
53198,3.0
53199,2.0
53200,1.0
53201,4.0
53202,3.0
53203,2.0
53204,1.0
53205,3.0
53206,3.0
53207,1.0
53208,0.0
53209,3.0
53210,0.0
53211,3.0
53212,1.0
53213,1.0
53214,3.0
53215,1.0
53216,1.0
53217,0.0
53218,0.0
53219,4.0
53220,2.0
53221,0.0
53222,3.0
53223,3.0
53224,4.0
53225,1.0
53226,0.0
53227,1.0
53228,1.0
53229,3.0
53230,1.0
53231,0.0
53232,4.0
53233,3.0
53234,3.0
53235,3.0
53236,1.0
53237,2.0
53238,2.0
53239,0.0
53240,2.0
53241,2.0
53242,4.0
53243,2.0
53244,0.0
53245,0.0
53246,2.0
53247,1.0
53248,3.0
53249,3.0
53250,0.0
53251,3.0
53252,1.0
53253,2.0
53254,4.0
53255,1.0
53256,2.0
53257,1.0
53258,1.0
53259,1.0
53260,0.0
53261,2.0
53262,2.0
53263,2.0
53264,1.0
53265,2.0
53266,1.0
53267,2.0
53268,1.0
53269,3.0
53270,1.0
53271,4.0
53272,4.0
53273,3.0
53274,3.0
53275,2.0
53276,2.0
53277,1.0
53278,0.0
53279,1.0
53280,2.0
53281,0.0
53282,4.0
53283,2.0
53284,3.0
53285,3.0
53286,3.0
53287,3.0
53288,1.0
53289,3.0
53290,3.0
53291,3.0
53292,0.0
53293,3.0
53294,0.0
53295,3.0
53296,2.0
53297,3.0
53298,3.0
53299,2.0
53300,1.0
53301,3.0
53302,3.0
53303,0.0
53304,2.0
53305,1.0
53306,0.0
53307,3.0
53308,0.0
53309,2.0
53310,3.0
53311,4.0
53312,1.0
53313,3.0
53314,0.0
53315,3.0
53316,2.0
53317,0.0
53318,3.0
53319,1.0
53320,3.0
53321,1.0
53322,0.0
53323,4.0
53324,3.0
53325,2.0
53326,3.0
53327,2.0
53328,3.0
53329,1.0
53330,1.0
53331,4.0
53332,3.0
53333,0.0
53334,1.0
53335,1.0
53336,1.0
53337,3.0
53338,3.0
53339,3.0
53340,1.0
53341,0.0
53342,2.0
53343,1.0
53344,4.0
53345,2.0
53346,1.0
53347,1.0
53348,3.0
53349,1.0
53350,3.0
53351,2.0
53352,3.0
53353,4.0
53354,2.0
53355,0.0
53356,1.0
53357,2.0
53358,3.0
53359,3.0
53360,1.0
53361,1.0
53362,3.0
53363,2.0
53364,1.0
53365,1.0
53366,4.0
53367,3.0
53368,1.0
53369,4.0
53370,2.0
53371,2.0
53372,3.0
53373,0.0
53374,0.0
53375,3.0
53376,3.0
53377,3.0
53378,2.0
53379,1.0
53380,2.0
53381,1.0
53382,3.0
53383,3.0
53384,3.0
53385,2.0
53386,1.0
53387,2.0
53388,2.0
53389,3.0
53390,0.0
53391,2.0
53392,1.0
53393,3.0
53394,0.0
53395,3.0
53396,1.0
53397,4.0
53398,1.0
53399,3.0
53400,1.0
53401,2.0
53402,1.0
53403,3.0
53404,1.0
53405,3.0
53406,1.0
53407,4.0
53408,3.0
53409,3.0
53410,4.0
53411,1.0
53412,1.0
53413,3.0
53414,3.0
53415,2.0
53416,3.0
53417,1.0
53418,2.0
53419,4.0
53420,4.0
53421,1.0
53422,3.0
53423,1.0
53424,0.0
53425,4.0
53426,3.0
53427,3.0
53428,1.0
53429,1.0
53430,3.0
53431,1.0
53432,3.0
53433,2.0
53434,3.0
53435,3.0
53436,2.0
53437,1.0
53438,3.0
53439,3.0
53440,1.0
53441,1.0
53442,4.0
53443,3.0
53444,1.0
53445,1.0
53446,3.0
53447,3.0
53448,3.0
53449,1.0
53450,0.0
53451,2.0
53452,2.0
53453,3.0
53454,1.0
53455,1.0
53456,3.0
53457,2.0
53458,3.0
53459,1.0
53460,2.0
